Horse No.,Last 6 Runs,Colour,Horse,Brand No.,Jockey,Over Wt.,Draw,Trainer,Rtg.,Rtg.+/-,Horse Wt. (Declaration),Wt.+/- (vs Declaration),Best Time,Age,WFA,Sex,Season Stakes,Priority,Gear,Owner,Sire,Dam,Import Cat.,AWT,road,dist,going,class,raceNo,raceCourse,date
1,8/8/13/6/3/11,,LIVERBIRD STAR,A405,K C Leung,,3,P O'Sullivan,40,-5,1169,+20,1.10.49,4,-,g,41400,+ 1,,Friends of Liverpool Syndicate,Magnus,The Girlfriend,PPG,133.0,TURF - C+3 Course,1200M,GOOD,Class 5,1,ST,20190518
2,11/6/9/6/14/3,,ROYAL PREROGATIVE,B061,M Harley,,4,A T Millard,29,-2,1052,-14,1.11.34,5,-,g,200100,1,B/TT,Mr & Mrs Patrick Fung Pak Tung and Ophelia Fung Wing Sei,Haradasun,Marquise Royale,PPG,122.0,TURF - C+3 Course,1200M,GOOD,Class 5,1,ST,20190518
3,12/5/9/6/7/11,,WHAMPOA STAR,B146,H T Mo,,9,Y S Tsui,36,-3,1146,+19,,5,-,g,32200,+ 1,B/XB2/TT-,Whampoa Star Syndicate,Myboycharlie,Atlantic Slew,PP,126.0,TURF - C+3 Course,1200M,GOOD,Class 5,1,ST,20190518
4,11/8/13/9/8/11,,BIG BULLY,B028,N Callan,,6,D J Hall,34,-3,1136,+21,1.11.65,4,-,g,151800,+ 1,V-/B2,Sammy Sean Lee,Magic Albert,Fiammarosa,PPG,127.0,TURF - C+3 Course,1200M,GOOD,Class 5,1,ST,20190518
5,6/4/4/1/6/7,,M REBORN,A046,G van Niekerk,,2,C H Yip,33,-1,1203,+22,1.09.85,5,-,g,627900,+ 1,B/TT,David Group Syndicate,Darci Brahma,Casual Chick,PPG,126.0,TURF - C+3 Course,1200M,GOOD,Class 5,1,ST,20190518
6,12/5/4/3/13/6,,ADONIS,A324,T H So,,7,L Ho,30,-2,1048,-6,1.09.71,5,-,g,169050,+ 1,H/PC,Johnson Chen,Exceed And Excel,Mythical Play,ISG,121.0,TURF - C+3 Course,1200M,GOOD,Class 5,1,ST,20190518
7,6/6/1/3/8/7,,RICHCITY FORTUNE,V088,K H Chan,,10,K H Ting,30,0,1144,-14,1.09.69,6,-,g,1300650,+ 1,H/XB/TT,Rich City Syndicate,Lope de Vega,Dancescape,PPG,113.0,TURF - C+3 Course,1200M,GOOD,Class 5,1,ST,20190518
8,1/8/4/7/8/8,,LAUGH OUT LOUD,P297,M Chadwick,,11,K L Man,27,+5,1134,-4,1.09.34,9,-,g,458850,1,B,Mr & Mrs Francis Lee Bing Kwong Yves Lee Kun Fun and Richard Lo Yuen Kin,Casino Prince,Zazie,PP,120.0,TURF - C+3 Course,1200M,GOOD,Class 5,1,ST,20190518
9,6/9/10/5/8/6,,NASHASHUK,V143,J Moreira,,1,J Size,23,-2,1095,+14,1.10.69,6,-,g,103500,+ 1,P/TT,Cris Ng Ka Shuen & Gregory James Holmes,Northern Meteor,Kiss 'N Chase,PPG,116.0,TURF - C+3 Course,1200M,GOOD,Class 5,1,ST,20190518
10,9/3/4/8/2/11,,PADDINGTON,A107,M F Poon,1,8,W Y So,20,-1,1116,-10,1.09.90,5,-,g,376050,* 1,B/TT,Frank Fu Hoo Kin & John Hui Kin Yip,Wanted,Emma Princess,PPG,110.0,TURF - C+3 Course,1200M,GOOD,Class 5,1,ST,20190518
11,3/6/5/4/4/2,,SUNNY ORIENT,V302,M L Yeung,2,5,T P Yung,20,0,1134,+6,1.09.87,6,-,g,338100,1,,James Chan Shiu On Joseph Chan Ho Lim Janet Chan Ng Chee Tung & Wendy Chan Wing Kei,Written Tycoon,Dellwood Diva,PP,111.0,TURF - C+3 Course,1200M,GOOD,Class 5,1,ST,20190518
12,7/9/5/12/11/11,,DOUBLE DOUBLE,T267,K Teetan,,12,D E Ferraris,15,-3,1105,-7,,6,-,g,24150,* 1,B/TT,Charmaine Wong Kam Mei & Chan Fu Ho,Volksraad,Rita Moreno,PPG,113.0,TURF - C+3 Course,1200M,GOOD,Class 5,1,ST,20190518
1,1/7,,VALIANT DREAM,B416,H N Wong,,13,K W Lui,60,+8,1221,+16,0.56.21,3,-,g,630200,1,,Lam Ting Tak,Magnus,Captivating Lady,PPG,128.0,TURF - C+3 Course,1000M,GOOD,Class 4,2,ST,20190518
2,2/8/8/9/2/6,,SUPER JUNIOR,V390,K H Chan,,6,T P Yung,57,+2,1235,+8,0.56.93,5,-,g,404800,1,V/TT,Chow Yuet Kam,Medaglia d'Oro,Princesa,PPG,118.0,TURF - C+3 Course,1000M,GOOD,Class 4,2,ST,20190518
3,-,,CASA GLORY,C087,K Teetan,,12,C S Shum,52,-,1185,-,,3,-,g,55200,+ 1,TT1,Wu Wei Lam Kenneth Wu Kai Chung & Aiko Wu Lok Ting,Fastnet Rock,Avienus,PPG,123.0,TURF - C+3 Course,1000M,GOOD,Class 4,2,ST,20190518
4,11,,DR RESPECT,C129,J Moreira,,11,J Size,52,0,1161,+5,,4,-,g,0,1,,Getmore Group Syndicate,Commands,Twickers,PPG,123.0,TURF - C+3 Course,1000M,GOOD,Class 4,2,ST,20190518
5,-,,GUN GUN WIN,C092,C Schofield,,7,W Y So,52,-,1090,-,,4,-,g,0,1,TT1,Mok Suet Fung,Star Witness,Extremis,PPG,123.0,TURF - C+3 Course,1000M,GOOD,Class 4,2,ST,20190518
6,5,,KANBEKI MOLLY,C256,M Chadwick,,5,P F Yiu,52,0,1030,-11,,3,-,g,32200,+ 1,,Super Molly Racing Syndicate,Spirit Of Boom,Jessica's Hope,PPG,123.0,TURF - C+3 Course,1000M,GOOD,Class 4,2,ST,20190518
7,3/6,,MARVELOUS WORLD,C237,Z Purton,,14,F C Lor,52,0,1049,+14,0.56.68,3,-,g,630200,1,H/TT1,Jackson So Hoi Wing,Hinchinbrook,Leyenda,PPG,123.0,TURF - C+3 Course,1000M,GOOD,Class 4,2,ST,20190518
8,-,,SUNDANCER,B465,K C Leung,,4,A S Cruz,52,-,1116,-,,3,-,g,0,* 1,B1/TT1,Helena Wai Suk Chong Lisa Marie Djeng Kar Yee & Irene Wai Suk Yan,Sebring,Midnight Martini,PPG,123.0,TURF - C+3 Course,1000M,GOOD,Class 4,2,ST,20190518
9,-,,SUPERB AGILITY,C354,H T Mo,,1,L Ho,52,-,1122,-,,4,-,g,0,1,H1,Rotarian Syndicate,Manhattan Rain,Zabelka,PPG,120.0,TURF - C+3 Course,1000M,GOOD,Class 4,2,ST,20190518
10,11/12,,WINNERS BROTHER,C220,T H So,,3,K H Ting,50,-2,1030,-21,0.58.39,3,-,g,0,* 1,B1,Jerry Tsang Kwok Hung Peter Leung Ching Wah Carollio Chow Kin Wing & Raymond Cheng Shu Shing,Darci Brahma,Just A Dream,PPG,119.0,TURF - C+3 Course,1000M,GOOD,Class 4,2,ST,20190518
11,7/8/4/6,,IRON KING,C133,C Y Ho,,2,C H Yip,49,-2,1096,-24,0.57.21,3,-,g,55200,1,H-/TT-,John Wong Yip Kong,Ferlax,Gatestopper,PPG,120.0,TURF - C+3 Course,1000M,GOOD,Class 4,2,ST,20190518
12,9/8/8/10/11/10,,DEMONS ROCK,B263,M F Poon,,9,D J Hall,48,-3,1031,+3,0.58.13,4,-,g,32200,+ 1,CP,Lai Yiu Keung & Lai Man Kon,Requinto,Afnoon,PP,116.0,TURF - C+3 Course,1000M,GOOD,Class 4,2,ST,20190518
13,7/6/10,,TELECOM ROCKET,C137,G van Niekerk,,10,Y S Tsui,48,-2,1083,-10,0.57.03,4,-,g,0,1,B,Sunny Cheung King Fung,Tavistock,Far Far Away,PPG,119.0,TURF - C+3 Course,1000M,GOOD,Class 4,2,ST,20190518
14,11/11/12,,SOLAR BILLION,C171,M L Yeung,,8,K L Man,47,-3,1129,-1,,3,-,g,0,+ 1,B/TT1,Hui Sze Man,Foxwedge,Shabamalam,PPG,116.0,TURF - C+3 Course,1000M,GOOD,Class 4,2,ST,20190518
1,12/8/4/1,,JOYFUL HEART,C227,K Teetan,,4,F C Lor,58,-1,1176,-3,,3,-,c,611800,+ 1,TT,Good Time Syndicate,Smart Missile,Snowy World,PPG,132.0,TURF - C+3 Course,1200M,GOOD,Class 4,3,ST,20190518
2,4/11/7/5/11/6,,ALL YOU NEED,A006,N Callan,,6,R Gibson,56,+1,1184,+4,1.09.45,5,-,g,87400,+ 1,CP/H,Eric Ng Wing Kwong,Danerich,Metung Belle,PPG,130.0,TURF - C+3 Course,1200M,GOOD,Class 4,3,ST,20190518
3,10/2/3,,DIAMOND BRILLIANT,B372,Z Purton,,11,T P Yung,56,0,1176,+1,1.09.64,4,-,g,832600,+ 1,CP1/TT,Mr & Mrs Jimmy Tang,Not A Single Doubt,Aringarosa,ISG,130.0,TURF - C+3 Course,1200M,GOOD,Class 4,3,ST,20190518
4,-,,FOREVER BRIGHT,C305,G van Niekerk,,12,P F Yiu,52,-,1189,-,,3,-,g,0,+ 1,,Timothy Daniel Kao,Denman,Remotely,PPG,126.0,TURF - C+3 Course,1200M,GOOD,Class 4,3,ST,20190518
5,11,,ONE STEP AHEAD,C242,C Schofield,,2,P O'Sullivan,52,0,1000,-3,,3,-,g,0,+ 1,,Kong Wing Ming & Edmond Kong Chun Man,Tavistock,Leesing,PPG,126.0,TURF - C+3 Course,1200M,GOOD,Class 4,3,ST,20190518
6,5,,PROMISE KEPT,B017,U Rispoli,,1,A T Millard,51,-1,1065,+14,,5,-,g,55200,* 1,XB1/TT1,Joseph Fong Kit Man,Casino Prince,Outlook To Success,PPG,125.0,TURF - C+3 Course,1200M,GOOD,Class 4,3,ST,20190518
7,8/5/8/6/12,,CALIFORNIA LEGEND,B363,M Chadwick,,5,A S Cruz,49,-2,1110,-7,,4,-,g,32200,+ 1,B/TT,Liang Lo Ching Yung,Camelot,Kiss Me Goodbye,ISG,123.0,TURF - C+3 Course,1200M,GOOD,Class 4,3,ST,20190518
8,12/5/7,,HASTA LUEGO,C009,J Moreira,,7,J Size,49,-2,1313,0,1.10.37,4,-,g,32200,* 1,H/TT,Colin John Jesse,I Am Invincible,Mariana Sunset,PPG,123.0,TURF - C+3 Course,1200M,GOOD,Class 4,3,ST,20190518
9,8/12,,GOLDEN GENERAL,A346,H N Wong,,8,K H Ting,48,-4,1195,-23,1.09.94,5,-,g,0,+ 1,,Lawrence Kook Luk Lung,Foxwedge,Beautiful Reward,PPG,119.0,TURF - C+3 Course,1200M,GOOD,Class 4,3,ST,20190518
10,8/8/9/5/6/8,,REGENCY DARLING,T138,M F Poon,,9,K L Man,48,-1,1239,+21,1.09.30,7,-,g,556600,+ 1,,Wendy Wong Yin Ting & Owen Cheng Ho Wang,Guillotine,Alleyrun,PPG,119.0,TURF - C+3 Course,1200M,GOOD,Class 4,3,ST,20190518
11,5/5/2/1/8/8,,GLITTERING ARMOUR,B016,C Y Ho,,10,K W Lui,44,+1,1191,+9,1.08.88,5,-,g,862500,+ 1,XB/TT,Tony Hwang Teh Hwa,Battle Paint,Limelight,PPG,118.0,TURF - C+3 Course,1200M,GOOD,Class 4,3,ST,20190518
12,4/2/2/6/2/3,,ROYAL CHOCOLATE,A356,K H Chan,,3,W Y So,44,0,1163,-2,1.10.82,5,-,g,796950,+ 1,CP/TT,Wilson Cheung Wai Yin,So You Think,Matter,PPG,108.0,TURF - C+3 Course,1200M,GOOD,Class 4,3,ST,20190518
2,9/1/2/8/2/4,,DREAM COME TRUE,B269,K H Chan,,2,T P Yung,78,0,1206,+19,1.09.06,4,-,g,1138500,1,,Tai Hang Tung's Friend Syndicate,All Too Hard,Kakakakatie,PP,118.0,TURF - C+3 Course,1200M,GOOD,Class 3,4,ST,20190518
3,1/3/2/10/9/6,,KEY WITNESS,S212,K Teetan,,3,A S Cruz,77,+5,1179,-24,1.08.33,8,-,g,1055700,1,B/TT,Arthur Antonio da Silva Betty da Silva & Teresa Marie da Silva,Show A Heart,Jessepic,PPG,127.0,TURF - C+3 Course,1200M,GOOD,Class 3,4,ST,20190518
4,-,,AFRICAN SKY,C195,K C Leung,,5,K H Ting,76,-,1099,-,,4,-,g,0,1,,Tormenta Syndicate,Shamardal,Angelita,PP,126.0,TURF - C+3 Course,1200M,GOOD,Class 3,4,ST,20190518
5,12/13/14/11,,WON WON TOO,C164,G van Niekerk,,9,C H Yip,75,-2,1032,-4,1.10.42,4,-,g,0,1,B/TT1,Indigenous Syndicate,Tavistock,Celtic Dream,PP,125.0,TURF - C+3 Course,1200M,GOOD,Class 3,4,ST,20190518
6,5/1/1/5,,BIG PARTY,B461,Z Purton,,6,F C Lor,74,0,1199,-6,1.08.99,3,-,g,2178100,+ 1,,Ryan Wong Man Yeung & Roland Wong Ka Yeung,Exceed And Excel,De Groove,PPG,124.0,TURF - C+3 Course,1200M,GOOD,Class 3,4,ST,20190518
7,-,,HIGHLAND FORTUNE,C292,C Y Ho,,1,K W Lui,76,-,1072,-,,3,5,g,303600,* 1,,Peter Chu Ka Lok,Declaration Of War,Pan Dulce,PP,121.0,TURF - C+3 Course,1200M,GOOD,Class 3,4,ST,20190518
8,5/10/9,,BEST ALLIANCE,C284,U Rispoli,,8,J Moore,71,-2,1076,+2,1.09.53,4,-,g,48300,2,H,Beauty And The Best Syndicate,Dark Angel,Little Audio,PP,121.0,TURF - C+3 Course,1200M,GOOD,Class 3,4,ST,20190518
9,7/10,,RED DESERT,C287,J Moreira,,4,J Size,74,-2,1022,-1,,3,5,g,82800,1,,The Hon Ronald Arculli GBM GBS JP & Johanna K J Arculli BBS,Oasis Dream,Capichera,PP,119.0,TURF - C+3 Course,1200M,GOOD,Class 3,4,ST,20190518
10,1/1/2,,MR CROISSANT,C234,R Bayliss,,7,W Y So,68,+7,1078,-5,1.09.74,3,-,g,1672100,+ 1,,Li Sai Hung Li Yau Hing Darren Li Sai Wa & Jimmy Li Sai Hang,Darci Brahma,Surreptitiously,PPG,118.0,TURF - C+3 Course,1200M,GOOD,Class 3,4,ST,20190518
1,8/8/6/7/10/5,,CHEERFUL STAR,B326,K H Chan,,6,F C Lor,60,-2,1005,-3,1.48.05,5,-,g,106950,1,,Cheerful Syndicate,Excelebration,Lausanne,PP,123.0,TURF - C+3 Course,1800M,GOOD TO FIRM,Class 4,5,ST,20190518
2,5/10/7/8/10/7,,HO HO FEEL,T029,M F Poon,,12,C H Yip,57,-2,1157,+19,1.47.46,7,-,g,963700,1,H/XB,Simon Tam Ngak Chou & Tam Hin Chi,Henrythenavigator,Minnie Deal,PPG,127.0,TURF - C+3 Course,1800M,GOOD TO FIRM,Class 4,5,ST,20190518
3,10/11/12/7/11/14,,SMART PATCH,B398,T H So,,9,P O'Sullivan,57,-3,1210,-5,1.49.49,4,-,g,0,1,B,Lam Wai Ying,Hinchinbrook,Al's Magic Miss,PP,128.0,TURF - C+3 Course,1800M,GOOD TO FIRM,Class 4,5,ST,20190518
4,6/6/5/4/2/8,,YOU HAVE MY WORD,V149,K Teetan,,4,T P Yung,57,-2,1158,+22,1.48.65,7,-,g,1069500,+ 1,B,Chen Bao Lin & Yang Yan,Mastercraftsman,Staryn Glenn,PP,130.0,TURF - C+3 Course,1800M,GOOD TO FIRM,Class 4,5,ST,20190518
5,13/5/1/5/9/8,,AMAZING AGILITY,V192,H T Mo,,14,L Ho,56,0,992,+10,1.46.24,7,-,g,588800,+ 1,SR/TT,Focuson Syndicate,King's Best,Wings Of Glory,PP,126.0,TURF - C+3 Course,1800M,GOOD TO FIRM,Class 4,5,ST,20190518
6,11/9/4/6/2/3,,BULLISH GLORY,A118,K C Leung,,8,C W Chang,54,0,1091,-11,1.47.71,6,-,g,32200,+ 1,PC-/H/TT-,Wong Wing Keung,Roderic O'Connor,Biz Bar,PP,127.0,TURF - C+3 Course,1800M,GOOD TO FIRM,Class 4,5,ST,20190518
7,7/11/10/9/3/7,,MCQUEEN,V013,M Harley,,13,D E Ferraris,54,-2,1097,+1,1.46.56,7,-,g,241500,+ 1,,Win Forever Syndicate,Alamosa,Creil,PP,127.0,TURF - C+3 Course,1800M,GOOD TO FIRM,Class 4,5,ST,20190518
8,1/3/4/10/8/5,,LONDON HALL,B026,C Y Ho,,5,D J Hall,53,+5,1085,+6,1.48.06,4,-,g,1209800,1,B,Mr & Mrs Chew Fook Aun,He's Remarkable,La Memoire,PPG,126.0,TURF - C+3 Course,1800M,GOOD TO FIRM,Class 4,5,ST,20190518
9,5/7/6/6/5/7,,GOOD DAYS,A333,R Bayliss,,10,C S Shum,49,0,1099,0,1.48.74,5,-,g,299000,1,B/TT,Chung Kit Leung,Artie Schiller,Vintage Rock,ISG,122.0,TURF - C+3 Course,1800M,GOOD TO FIRM,Class 4,5,ST,20190518
10,5/6/1/7/9/8,,CHAPARRAL STAR,A220,U Rispoli,,1,C Fownes,48,0,1051,-4,,4,-,g,1653700,+ 1,H/PC/XB,Angela Yeung Pui Yan,High Chaparral,Sutology,PPG,121.0,TURF - C+3 Course,1800M,GOOD TO FIRM,Class 4,5,ST,20190518
11,10/10/12,,KWAI CHUNG ELITE,C173,M Chadwick,,3,R Gibson,48,-2,1127,-7,,3,-,g,0,1,H/P1,Kwai Chung Brothers Syndicate,Poet's Voice,Mighty Lion,PPG,121.0,TURF - C+3 Course,1800M,GOOD TO FIRM,Class 4,5,ST,20190518
12,2/6/1/6/3/4,,MANAGEMENT STAR,B006,G van Niekerk,,11,K W Lui,47,+2,1111,+26,,5,-,g,1012000,1,B/TT,Jimmy Ho Ying Choi & Chan Yuk Fan,Darci Brahma,Bella Rosalia,PPG,120.0,TURF - C+3 Course,1800M,GOOD TO FIRM,Class 4,5,ST,20190518
13,13/-/12/14/10/13,,DELIGHT EXPRESS,A099,C Wong,,7,A T Millard,46,-7,1047,-11,,6,-,g,0,1,B/XB/TT,Dr David Choy Tak Wai,Tavistock,Wahaha,PP,114.0,TURF - C+3 Course,1800M,GOOD TO FIRM,Class 4,5,ST,20190518
14,11/2/7/2/3/6,,SAVVY SEVEN,B314,Z Purton,2,2,J Moore,45,0,1079,+11,1.49.53,3,-,g,488750,1,B/TT,Julian Hui Chun Hang & Michele Monique Reis,Sebring,Sensibility,PPG,118.0,TURF - C+3 Course,1800M,GOOD TO FIRM,Class 4,5,ST,20190518
1,2/1/9,,DUKE WAI,C188,M Chadwick,,3,P O'Sullivan,60,+3,1129,+8,,3,-,g,782000,1,,Herman Wai Ho Man,Per Incanto,Swan Lake,PPG,133.0,TURF - C+3 Course,1400M,GOOD TO FIRM,Class 4,6,ST,20190518
2,5/6/6/1/3/9,,THE CREATETH,A336,C Schofield,,14,J Moore,57,0,1067,-1,1.22.65,5,-,g,1389200,+ 1,B,Edwin Cheung Hon Kit,Henrythenavigator,Creative Plan,PP,130.0,TURF - C+3 Course,1400M,GOOD TO FIRM,Class 4,6,ST,20190518
3,5/14/6/1/2/10,,PEARL CHAMPION,B201,M Harley,,13,A T Millard,56,-1,1010,-3,1.22.33,4,-,g,759000,+ 1,B,Chan Ming Wing,Rip Van Winkle,One Nite Stand,PPG,129.0,TURF - C+3 Course,1400M,GOOD TO FIRM,Class 4,6,ST,20190518
4,5/2/12/7/6/4,,VICTORY POWER,B294,J Moreira,,2,R Gibson,56,0,1103,-8,1.22.54,4,-,g,906200,+ 1,H/SR/TT,Dr Sonny Li Mow Ming,Power,Sugar Moon,PPG,129.0,TURF - C+3 Course,1400M,GOOD TO FIRM,Class 4,6,ST,20190518
5,6/8/7/5/10/9,,MASTER ALBERT,A296,R Bayliss,,10,W Y So,52,-2,1102,-20,1.22.97,5,-,g,179400,1,B/E/TT,Master Syndicate,Magic Albert,Kate Of Clonmel,PP,125.0,TURF - C+3 Course,1400M,GOOD TO FIRM,Class 4,6,ST,20190518
6,3/12/9/12/12/9,,CALLING THE SHOTS,B239,K Teetan,,8,A S Cruz,51,0,976,-15,1.23.40,4,-,g,105800,1,B/TT,Ho Ho King Syndicate,Exchange Rate,Pick And Choose,PP,124.0,TURF - C+3 Course,1400M,GOOD TO FIRM,Class 4,6,ST,20190518
7,1/4/8/12/10/10,,KA YING BRILLIANCE,B115,M L Yeung,,4,T P Yung,50,+5,1144,-4,1.22.61,4,-,g,611800,1,H/V/XB,Leung Shek Kong,Canford Cliffs,Prayers'N'Promises,PPG,121.0,TURF - C+3 Course,1400M,GOOD TO FIRM,Class 4,6,ST,20190518
8,12/7/7/7/10,,THIS ONE'S FOR YOU,B428,T H So,,5,K W Lui,50,-2,1166,-7,1.23.62,4,-,g,0,+ 1,B/H,Ivis Sze,Lethal Force,Cool Catena,PPG,121.0,TURF - C+3 Course,1400M,GOOD TO FIRM,Class 4,6,ST,20190518
9,5/4/8,,SPEEDY OPTIMIST,C253,Z Purton,,9,C H Yip,49,-2,1212,+1,1.24.34,3,-,g,87400,+ 1,,Ken Chu Yin Sang,Not A Single Doubt,Foxstar,PPG,122.0,TURF - C+3 Course,1400M,GOOD TO FIRM,Class 4,6,ST,20190518
10,14/13/12/12,,HEALTHY TREASURE,B482,U Rispoli,,11,K L Man,48,-4,1190,-8,1.23.79,4,-,g,0,1,TT1,Mr & Mrs Loh Dai Jur Amy Loh Yum and Christal Chan Wing Sze,Kodiac,Miss Neoki,PPG,121.0,TURF - C+3 Course,1400M,GOOD TO FIRM,Class 4,6,ST,20190518
11,12/14/7,,RED BRICK FIGHTER,C304,H T Mo,,7,C S Shum,48,-2,1119,+2,1.24.83,3,-,c,0,+ 1,TT,New Generation Syndicate,Artie Schiller,Tarlaquena,PPG,118.0,TURF - C+3 Course,1400M,GOOD TO FIRM,Class 4,6,ST,20190518
12,14/6/6/2/2/3,,GRACIOUS RYDER,A179,C Y Ho,,1,D J Hall,47,-2,1097,+5,1.23.75,5,-,g,1122400,* 1,B,Magdelen Angel Chan Mo Ting,Tickets,Fleur de Lion,PPG,120.0,TURF - C+3 Course,1400M,GOOD TO FIRM,Class 4,6,ST,20190518
13,10/14/7/8,,WINWIN THIRTYTHREE,C110,M F Poon,,12,P F Yiu,46,-2,1005,-4,,3,-,g,0,* 1,H,Specific Syndicate,Showcasing,Abenroad,PPG,116.0,TURF - C+3 Course,1400M,GOOD TO FIRM,Class 4,6,ST,20190518
14,10/5/3/9/9/2,,SPEEDY WALLY,T002,H N Wong,,6,C Fownes,43,-2,1118,+3,1.23.19,8,-,g,340400,1,TT,Anthony Ko Siu Kee,Shinzig,Mota,PP,113.0,TURF - C+3 Course,1400M,GOOD TO FIRM,Class 4,6,ST,20190518
1,9/5/6/7,,ASSIMILATE,C160,C Schofield,,7,K H Ting,78,-2,1082,-11,1.22.33,4,-,g,68250,2,B/H/TT,Ian Cheng Ka Ho,Sebring,Jester's Girl,PP,133.0,TURF - C+3 Course,1400M,GOOD TO FIRM,Class 3,7,ST,20190518
2,6/1/2/1/2/2,,FOLLOW ME,B440,J Moreira,,4,J Size,75,0,1080,+16,1.21.67,3,-,g,2019400,+ 1,,Choi Hon Chau,Lope de Vega,Star Over Kansas,PPG,130.0,TURF - C+3 Course,1400M,GOOD TO FIRM,Class 3,7,ST,20190518
3,4/1/3/9/12/3,,SUPER WISE,A100,K H Chan,,3,K L Man,73,0,1111,-11,1.21.78,5,-,g,2132100,1,H/P/TT,Leung Lun Ping,Zoffany,Folichonne,PP,118.0,TURF - C+3 Course,1400M,GOOD TO FIRM,Class 3,7,ST,20190518
4,13/12/10/9/1/12,,MONGOLIAN LEGEND,B317,G van Niekerk,,5,Y S Tsui,68,-2,1155,+1,1.21.80,5,-,g,834900,1,P-,Ma Chun Ling,Fastnet Rock,Purde,PP,123.0,TURF - C+3 Course,1400M,GOOD TO FIRM,Class 3,7,ST,20190518
5,9/8/8/12/11/11,,WINSTON'S LAD,T348,C Y Ho,,11,K W Lui,68,-2,1073,-3,1.20.84,7,-,g,786600,2,H,Here We Are Syndicate,Churchill Downs,Caralowe,PP,123.0,TURF - C+3 Course,1400M,GOOD TO FIRM,Class 3,7,ST,20190518
6,6/4/8/11/6,,HAPPY WIN WIN,C125,M F Poon,,6,C H Yip,66,-2,1019,+14,1.23.13,4,-,g,82800,1,H,Eternity Happiness Syndicate,Zoffany,Meeting In Paris,PP,118.0,TURF - C+3 Course,1400M,GOOD TO FIRM,Class 3,7,ST,20190518
7,1/1,,EVERYONE'S JOY,C225,Z Purton,,8,F C Lor,65,+6,1151,+7,,3,-,g,1352400,1,XB,Yeung Ching Ching,Redoute's Choice,Axiom,PPG,120.0,TURF - C+3 Course,1400M,GOOD TO FIRM,Class 3,7,ST,20190518
8,3/10/12/13/11,,AMAZING LUCK,B401,M L Yeung,,1,P O'Sullivan,64,0,1196,+18,1.21.99,4,-,g,317400,1,B/SR,Yum Sui Sang,Sepoy,Mabsam,PP,117.0,TURF - C+3 Course,1400M,GOOD TO FIRM,Class 3,7,ST,20190518
9,9/5/8/1/6/4,,NAVAS,V362,H T Mo,,10,R Gibson,64,-1,1074,-5,1.22.61,6,-,g,857900,1,B/XB,Jean-Paul Cuvelier,Written Tycoon,Whinewomen'N'song,PP,116.0,TURF - C+3 Course,1400M,GOOD TO FIRM,Class 3,7,ST,20190518
10,1/5/9/12/3/3,,BEAUTY ENERGY,B149,U Rispoli,2,9,J Moore,61,+7,1045,+5,1.21.80,5,-,g,851000,1,B/TT,Kwok Siu Ming,Delegator,Michelle Shift,PP,116.0,TURF - C+3 Course,1400M,GOOD TO FIRM,Class 3,7,ST,20190518
11,8/5/5/8/3/6,,KIRAM,T093,K Teetan,,2,D E Ferraris,61,-1,1140,0,1.21.72,8,-,g,558900,* 2,,06/07 David Ferraris Trainer Syndicate,Elusive City,King Luna,PP,116.0,TURF - C+3 Course,1400M,GOOD TO FIRM,Class 3,7,ST,20190518
1,2/7/9/6,,WAR ROOM,B414,M Harley,,10,K H Ting,79,+1,1100,-10,1.21.91,4,-,g,351900,1,,Kenny Pin Ching Wa,War Chant,Impressing Matters,PP,133.0,TURF - C+3 Course,1400M,GOOD TO FIRM,Class 3,8,ST,20190518
2,14/12/11,,WECARE N PROSPER,C320,T H So,,4,Y S Tsui,76,-2,1140,-17,,4,-,c,0,2,B,Cheung Ming Man Cheung Ying Ho & Joseph Lee Chung Tak,High Chaparral,Al Anood,PP,128.0,TURF - C+3 Course,1400M,GOOD TO FIRM,Class 3,8,ST,20190518
3,1/2/1/6/11/6,,GREEN CARD,V126,U Rispoli,,1,J Moore,75,+8,1151,+4,1.21.49,6,-,g,1773300,3,B/TT,Brian Leung Hung Tak & Sophie Leung Lau Yau Fun,All American,Cristallo,PP,129.0,TURF - C+3 Course,1400M,GOOD TO FIRM,Class 3,8,ST,20190518
4,10,,SURREALISM,C285,K C Leung,,3,D E Ferraris,75,0,1075,-4,1.25.14,4,-,g,0,1,,Wong Chung Hin & Arnold Wong Chi Chiu,Exceed And Excel,Gradara,PP,129.0,TURF - C+3 Course,1400M,GOOD TO FIRM,Class 3,8,ST,20190518
5,5/4/5/4/8/3,,GOOD BEAUTY,B384,M Chadwick,,6,J Moore,71,0,1041,+1,1.21.65,4,-,g,1414500,2,CP/TT,Junbon Chan Chun Bong,Hard Spun,Lush Liaison,PP,125.0,TURF - C+3 Course,1400M,GOOD TO FIRM,Class 3,8,ST,20190518
6,5/2/3/6/1,,INVINCIBLE MISSILE,C037,Z Purton,,8,W Y So,67,0,1067,-13,1.22.04,3,-,g,1338600,1,B1/TT,Law Cheuk & Shiu Leung Piu,Smart Missile,Phaedra,PPG,121.0,TURF - C+3 Course,1400M,GOOD TO FIRM,Class 3,8,ST,20190518
7,6/9/12,,MIGHTY POWER,C094,M L Yeung,,2,T P Yung,67,-2,1039,+3,,4,-,g,0,1,,Happy Uncles Syndicate,Power,Silvara,PP,119.0,TURF - C+3 Course,1400M,GOOD TO FIRM,Class 3,8,ST,20190518
8,4/2/10/12/8/6,,HIGH VOLATILITY,V081,K Teetan,,11,K W Lui,65,0,1169,+5,1.21.44,6,-,g,2387400,1,,Patrick Fu Kor Kuen,Star Witness,Strikeline,PP,119.0,TURF - C+3 Course,1400M,GOOD TO FIRM,Class 3,8,ST,20190518
9,9/7/6/10/9/5,,CIRCUIT HASSLER,A041,C Y Ho,,5,A S Cruz,64,-2,1178,+11,1.20.67,6,-,g,199350,1,B/H/TT,Chan Wing Kwan Chang Wing Yiu & Cheung Kwok Wa,Shocking,Zaquabeel,PP,118.0,TURF - C+3 Course,1400M,GOOD TO FIRM,Class 3,8,ST,20190518
10,5/3/14/12/11,,CONFUCIUS DAY,C272,C Schofield,,7,C W Chang,64,-1,1140,-9,1.23.54,4,-,g,207000,+ 1,TT,Chan See Chow & Shabo Chan Sze Po,Ocean Park,Cassata,PP,118.0,TURF - C+3 Course,1400M,GOOD TO FIRM,Class 3,8,ST,20190518
11,2/8/3/6/12/3,,LOOKING GOOD,B256,G van Niekerk,,9,F C Lor,62,+2,1175,-7,1.22.14,4,-,g,1202900,2,B,Chiu Chow Hon Kong Syndicate,Postponed,Are You Devious,PPG,116.0,TURF - C+3 Course,1400M,GOOD TO FIRM,Class 3,8,ST,20190518
12,10/4/2/2/3/8,,CHAIRMAN LO,C062,J Moreira,1,12,J Size,61,0,1180,+5,1.22.09,3,-,g,998200,2,B,Lo Profile Syndicate,Sidereus,Saluting,PPG,115.0,TURF - C+3 Course,1400M,GOOD TO FIRM,Class 3,8,ST,20190518
1,11/7,,BEAUTY ICON,C057,U Rispoli,,1,P O'Sullivan,80,-2,1073,+2,,3,-,g,48300,1,B,Eleanor Kwok Law Kwai Chun,Epaulette,Flying Jet,PP,133.0,TURF - C+3 Course,1600M,GOOD TO FIRM,Class 3,9,ST,20190518
3,14/13/8,,MONSTER KAKA,B319,C Y Ho,,3,D J Hall,76,-2,986,0,,4,-,g,0,1,B/H/TT,Kathleen Shi Pui Ka,Makfi,Pineau,PP,129.0,TURF - C+3 Course,1600M,GOOD TO FIRM,Class 3,9,ST,20190518
4,2/6/1/2/2/3,,CORDYCEPS,B070,J Moreira,,9,K W Lui,72,+2,1165,+4,1.34.12,4,-,g,2111400,1,B,Royal Elitist Team Syndicate,Stratum,Enciamo,PPG,125.0,TURF - C+3 Course,1600M,GOOD TO FIRM,Class 3,9,ST,20190518
5,6/3/4/10/4,,UNCLE STEVE,C140,Z Purton,,6,J Moore,72,0,1112,-8,,4,-,g,1110900,1,H,Hubert Tien & Ben Fung Ka Kin,Dabirsim,Great News,PP,125.0,TURF - C+3 Course,1600M,GOOD TO FIRM,Class 3,9,ST,20190518
6,6,,EXALTATION,C370,M Chadwick,,14,A S Cruz,73,0,1008,-3,,3,5,g,0,1,TT,The Executors of the Estate of the late Hui Sai Fun,Elzaam,Kolkata,PP,121.0,TURF - C+3 Course,1600M,GOOD TO FIRM,Class 3,9,ST,20190518
7,10/8/2/9/6/11,,AMAZING SATCHMO,A363,K Teetan,,5,D E Ferraris,68,-1,1276,0,1.34.24,5,-,g,1393800,+ 1,B,Nicola Chu Ming Nga,Kyllachy,Amitola,PPG,121.0,TURF - C+3 Course,1600M,GOOD TO FIRM,Class 3,9,ST,20190518
8,3/8/8/5/8/10,,TANGMERE,B432,C Schofield,,11,C Fownes,68,-1,1041,-14,,4,-,g,207000,1,B/XB,Silas S S Yang Cheung Yuk Tak Wong Tak Wai & Ho Chi Keung,Frankel,Our Echezeaux,PP,121.0,TURF - C+3 Course,1600M,GOOD TO FIRM,Class 3,9,ST,20190518
9,1/5/8/1/1/5,,EVER LAUGH,A278,H T Mo,,10,K L Man,66,+5,1153,-4,1.34.97,5,-,g,2201100,1,B/TT,Mr & Mrs Lee Bing Kwong and Michael Lee Chak Hol,Savabeel,Sotela,PPG,116.0,TURF - C+3 Course,1600M,GOOD TO FIRM,Class 3,9,ST,20190518
10,7/14/11/10,,KING PRINT,C123,H N Wong,,8,C H Yip,65,-2,1120,+5,1.35.55,4,-,g,0,1,B,Mr & Mrs Edmund Tam Wing Fan,Intikhab,Andorra,PP,115.0,TURF - C+3 Course,1600M,GOOD TO FIRM,Class 3,9,ST,20190518
11,5/4/3/8/13/6,,ZHAN JIANG ROCKS,B406,R Bayliss,,13,W Y So,65,0,1024,-16,1.35.86,4,-,g,289800,1,H/TT,Zhan Jiang Syndicate,Big Bad Bob,Rupa,PP,118.0,TURF - C+3 Course,1600M,GOOD TO FIRM,Class 3,9,ST,20190518
12,12/9,,CHEERS VANQUISHER,C204,C Wong,,12,C S Shum,69,-2,1088,-8,,3,5,g,0,1,TT,Friends Everywhere Racing Syndicate,Footstepsinthesand,Aussie Opera,PP,112.0,TURF - C+3 Course,1600M,GOOD TO FIRM,Class 3,9,ST,20190518
13,2/3/9/7/2/2,,BEAUTY DAY,B076,M L Yeung,,4,T P Yung,64,+2,1102,+1,1.34.05,5,-,g,1025800,1,B/H,Beautiful People Syndicate,Footstepsinthesand,Lucy Diamonds,PPG,115.0,TURF - C+3 Course,1600M,GOOD TO FIRM,Class 3,9,ST,20190518
14,9/13/8/9,,SPLENDID TIMING,C161,G van Niekerk,,7,C W Chang,64,-2,1318,+11,1.36.52,4,-,g,0,* 1,B,Kan Lam Man Wah & Elsa Chan,Sepoy,Secret Indulgence,PP,117.0,TURF - C+3 Course,1600M,GOOD TO FIRM,Class 3,9,ST,20190518
1,7/10/4/4/1/2,,DOCTOR GEOFF,A409,C Wong,,6,K W Lui,100,-2,991,-4,1.33.96,5,-,g,195000,1,H,Huang Kai Wen,Fast Company,More Respect,PP,128.0,TURF - C+3 Course,1600M,GOOD TO FIRM,Class 2,10,ST,20190518
2,1/1/1/1/1,,CHAMPION'S WAY,C061,J Moreira,,1,J Size,99,+9,1081,+7,,3,-,g,4162500,1,,Dr & Mrs Arthur Leung Elaine Leung and Angela Leung,Hinchinbrook,Greta's Yarn,PPG,132.0,TURF - C+3 Course,1600M,GOOD TO FIRM,Class 2,10,ST,20190518
3,8/7/9/1/2/2,,RED WARRIOR,B355,C Schofield,,12,J Size,95,-1,1004,-17,1.34.64,4,-,g,4961250,2,,The Hon Ronald Arculli GBM GBS JP & Johanna K J Arculli BBS,Holy Roman Emperor,Sweet Dreams Baby,PP,128.0,TURF - C+3 Course,1600M,GOOD TO FIRM,Class 2,10,ST,20190518
4,11/6/1/2/3/3,,CIRCUIT GLORY,A402,M F Poon,,9,A S Cruz,94,0,1030,-5,1.33.49,5,-,g,3553500,2,H/TT,Cheung Kwong Kwan & Chadwick Mok Cham Hung,Tavistock,Cinnadream,PP,124.0,TURF - C+3 Course,1600M,GOOD TO FIRM,Class 2,10,ST,20190518
5,2/6/9/2/8/5,,RIVET,B088,R Bayliss,,5,C Fownes,93,+2,1071,-6,1.33.51,5,-,g,429000,+ 1,,Peter Law Kin Sang,Fastnet Rock,Starship,PP,126.0,TURF - C+3 Course,1600M,GOOD TO FIRM,Class 2,10,ST,20190518
6,3/1/1/1/1/2,,RIGHT CHOICE,C013,U Rispoli,,2,F C Lor,89,0,1084,+4,1.34.35,4,-,g,4422350,1,B,Right Track Syndicate,Mastercraftsman,Grand Belt,PPG,122.0,TURF - C+3 Course,1600M,GOOD TO FIRM,Class 2,10,ST,20190518
7,13/12,,LOBO'S LEGEND,C299,H N Wong,,11,D E Ferraris,88,-2,1075,-40,,4,-,g,0,1,,Fidelity Racing Syndicate,Trippi,Gone Wild,PP,118.0,TURF - C+3 Course,1600M,GOOD TO FIRM,Class 2,10,ST,20190518
8,5/8/1/5/4/2,,BEAUTY SPIRIT,B409,C Y Ho,,10,A S Cruz,85,0,1240,-6,1.34.56,4,-,g,1565250,1,CP/TT,Kwok Siu Ming,Duporth,Graces Spirit,PP,118.0,TURF - C+3 Course,1600M,GOOD TO FIRM,Class 2,10,ST,20190518
9,10/3/7/6/14/8,,SICHUAN DAR,T375,M Chadwick,,14,A T Millard,85,0,990,+4,1.34.31,7,-,g,409500,+ 1,TT,Boniface Ho Ka Kui,Not A Single Doubt,Apocrypha,PP,118.0,TURF - C+3 Course,1600M,GOOD TO FIRM,Class 2,10,ST,20190518
10,7/11/3/10/6/5,,CHARITY GO,B478,K C Leung,,13,C S Shum,84,-2,1026,+4,1.35.22,4,-,g,516750,2,SR,Ng Sun Wah & Chan Wo Ping,Harbour Watch,Princess Mood,PP,117.0,TURF - C+3 Course,1600M,GOOD TO FIRM,Class 2,10,ST,20190518
11,10/3/4/1/1/2,,KING OPIE,B034,G van Niekerk,,7,F C Lor,83,0,1080,+9,,4,-,g,3753300,2,B-/V1,Mr & Mrs Jimmy Leung Kwok Wai and Mr & Mrs Thomas Leung Wai Kin,Ocean Park,Hope So,PPG,116.0,TURF - C+3 Course,1600M,GOOD TO FIRM,Class 2,10,ST,20190518
12,6/7/9/13/11/2,,COBY BOY,A297,M L Yeung,,4,T P Yung,82,-2,1154,-7,1.34.59,6,-,g,429000,1,B,Huen Ho Yin,Sebring,Elle Labelle,PP,113.0,TURF - C+3 Course,1600M,GOOD TO FIRM,Class 2,10,ST,20190518
13,1/2/1/1/1/3,,PERFECT MATCH,B393,K Teetan,,8,C S Shum,82,+10,1078,-4,,3,-,g,3384800,1,B/TT,Mr & Mrs Peter Kung,Not A Single Doubt,Modave,PPG,115.0,TURF - C+3 Course,1600M,GOOD TO FIRM,Class 2,10,ST,20190518
14,13,,JIMMU,C266,H T Mo,,3,Y S Tsui,81,0,1097,+5,,4,-,g,0,1,B1,Yu Chu Lam,Dalakhani,Jambalaya,PP,111.0,TURF - C+3 Course,1600M,GOOD TO FIRM,Class 2,10,ST,20190518
