Chinese Name,Code,English Name,Former Name,Sire,Dam,Import Type,Country Of Origin,Age,Foaling Date
高瞻遠矚 ,B345,ABOVE,----,Tavistock,Once More,PPG,NZ,3,14/10/2015
十分酷 ,A328,ABSOLUCOOL,----,Smart Missile,Eyelean,ISG,AUS,5,14/08/2013
明月光 ,T369,ACCLAIMED LIGHT,Acclaimed Light,Acclamation,Annee Lumiere,PP,IRE,7,18/04/2012
祥勝駿駒 ,T331,ACE KING,----,Exceed And Excel,Dixie Belle,ISG,GB,7,19/05/2012
明月昇輝 ,A324,ADONIS,----,Exceed And Excel,Mythical Play,ISG,AUS,5,05/09/2013
友瑩利 ,C310,AEROFLASH,----,Rock 'N' Pop,Fairy Tale,PPG,NZ,3,29/10/2015
友瑩囍 ,B249,AEROHAPPINESS,Marco The Smuck,Zacinto,In The Mood,PPG,NZ,4,29/09/2014
忠心勇士 ,C336,AETHERO,----,Sebring,Pinocchio,PPG,AUS,2,20/09/2016
裕豐泰 ,B056,AFFLUENCE START,Ubatuba,Lope de Vega,Loving New,PP,AUS,5,30/09/2013
喜悅天空 ,C195,AFRICAN SKY,African Sky,Shamardal,Angelita,PP,GB,4,21/02/2015
隨我來 ,B300,AFTER ME,Wolfofbaggotstreet,Equiano,Blue Dune,PP,IRE,4,20/03/2015
雲淡風輕 ,C040,AIOLOS,Trumphouse,Super Easy,Scrutiny,PPG,NZ,3,09/10/2015
魅影揚飛 ,A354,ALCARI,----,All Too Hard,Cariad,PPG,AUS,4,24/08/2014
西域猴王 ,A131,ALCAZAR,Alcazar,Rio de La Plata,Zarkiyna,PP,GB,5,07/04/2014
好友無敵 ,A217,ALL BEST FRIENDS,Pyx Chamber,Street Cry,Ambitious Lady,PP,AUS,5,15/08/2013
皆旺財 ,C278,ALL WONGCHOY,Bombe Alaska,Sizzling,Hannah In A Hurry,PPG,AUS,3,11/10/2015
快利寶 ,A320,ALL YOU KNOW,----,Dark Angel,Marseille Express,ISG,IRE,5,09/05/2014
快利 ,A006,ALL YOU NEED,Major Rich,Danerich,Metung Belle,PPG,AUS,5,09/10/2013
奮鬥同心 ,C314,ALLIED AGILITY,----,Star Witness,Spooked,PPG,AUS,3,10/09/2015
精算齊同 ,B102,ALPHA HEDGE,----,Sir Prancealot,Malta,PPG,IRE,5,08/04/2014
開創傳奇 ,C128,ALPHABET INVENTION,----,Bullbars,Wealth Queen,PPG,NZ,4,20/09/2014
美妙星 ,A202,AMAZING,Grincheux,Medaglia d'Oro,Pouter,PP,AUS,5,27/08/2013
君臨大地 ,V192,AMAZING AGILITY,Ajalo,King's Best,Wings Of Glory,PP,FR,7,20/04/2012
真妙星 ,C059,AMAZING CHOCOLATE,Nathula,Sepoy,Nanda Kot,PP,AUS,4,29/10/2014
奇妙星光 ,V408,AMAZING GOLD,Mint Chai,Roderic O'Connor,Tea Chest,PP,IRE,6,15/02/2013
一見傾心 ,B401,AMAZING LUCK,Jasd,Sepoy,Mabsam,PP,AUS,4,31/08/2014
韻妙星 ,A363,AMAZING SATCHMO,----,Kyllachy,Amitola,PPG,GB,5,19/03/2014
君達星 ,B019,AMAZING STAR,----,Darci Brahma,Bright Abyss,PPG,NZ,4,10/09/2014
繽紛紀錄 ,B206,AMAZING WONDER,Komodo,Dragon Pulse,Salydora,PP,IRE,5,09/05/2014
正本雄心 ,V303,AMBITIOUS HEART,----,Captain Sonador,Pyramisa's Lass,PPG,AUS,5,13/09/2013
駕迅 ,T063,AMBITIOUS SPEEDY,Dallas Cowboy,Bon Hoffa,Rondalla,PPG,AUS,7,14/09/2011
箭神寶 ,C384,APOLLOS BOW,Speedy Archer,Hussonet,Starred For Life,PPG,AUS,3,03/11/2015
喝采 ,A023,APPLAUSE,Count de Vega,Lope de Vega,Isola Di Capri,PP,AUS,6,22/09/2012
寶山鷹 ,C248,AQUILA,----,Exceed And Excel,Dreamworker,PPG,AUS,3,01/10/2015
有備而來 ,A240,ARCADA,Arcada,Rip Van Winkle,Applause,PP,IRE,5,15/03/2014
大當家 ,B145,ARDENODE,Ardenode,Hellvelyn,Coconut Kisses,PP,IRE,4,28/03/2015
耳後生風 ,C086,ARRIBA ARRIBA,Don't Call Me Love,Denman,Rough Chance,PPG,AUS,3,25/09/2015
神馬飛揚 ,V368,ART OF RAW,Art Of Raw,Myboycharlie,Tehamana,PP,FR,6,14/02/2013
飈驥 ,C160,ASSIMILATE,Assimilate,Sebring,Jester's Girl,PP,AUS,4,17/08/2014
駿協精英 ,V207,ASSOCIATION FANS,Gotham,Onemorenomore,Krysia,PP,AUS,6,06/09/2012
晨曦飛馬 ,C351,AURORA PEGASUS,----,Iffraaj,Eden,PPG,NZ,4,08/11/2014
晨曦寶馬 ,C023,AURORA STEED,Gaborone,Unencumbered,Miss Meerkat,PPG,AUS,3,28/10/2015
真勝者 ,C039,AUTHENTIC CHAMP,Authentic Champ,Star Witness,Considerable,PPG,AUS,3,06/10/2015
大師級 ,C271,BABY,Legion Fighter,Medaglia d'Oro,Don't Blink,PP,AUS,3,10/10/2015
孖寶飛龍 ,C380,BABY DRAGON,----,Denman,Gingerbread,PPG,AUS,2,09/10/2016
極速王 ,C231,BALLISTIC KING,Wandering Eye,Commands,Adulterer,PP,AUS,4,14/10/2014
大俠士 ,C373,BALTIC SUCCESS,Baltic Success,Exceed And Excel,Madame Pedrille,PP,AUS,4,08/09/2014
大武士 ,B216,BALTIC WHISPER,Baltic Whisper,Charge Forward,Le Sillage,PP,AUS,5,20/09/2013
健快聯盟 ,C135,BAND OF BROTHERS,----,Sakhee's Secret,Jan Valachi,PPG,NZ,4,06/09/2014
鋒仔 ,C282,BANDY,Banderos,Your Song,Spirit Of Rose,PPG,AUS,3,20/09/2015
又係熊 ,C301,BEAR AGAIN,Flying Free,Var,Frequent Flyer,PP,SAF,4,17/09/2014
滿冠熊 ,C143,BEAR SLAM,Purser,Mizzen Mast,Solo Piano,PP,USA,4,18/03/2015
爭分奪秒 ,V397,BEAT THE CLOCK,----,Hinchinbrook,Flion Fenena,PPG,AUS,5,14/09/2013
驫驫 ,A315,BEAUT BEAUT,----,Darci Brahma,Luscious Legs,ISG,NZ,5,07/08/2013
美麗友盈 ,C124,BEAUTY AMIGO,Brother Bear,Kodiac,Hurricane Emma,PP,IRE,4,06/02/2015
美麗掌聲 ,C228,BEAUTY APPLAUSE,Warwick,Stratum,Easy Step,PPG,AUS,3,18/09/2015
美麗天驕 ,C274,BEAUTY CHARISMA,Fifth Amendment,Statue Of Liberty,Promise To Rock,PP,AUS,3,12/10/2015
美麗日子 ,B076,BEAUTY DAY,Beauty Day,Footstepsinthesand,Lucy Diamonds,PPG,IRE,5,04/04/2014
美麗動力 ,B149,BEAUTY ENERGY,Son Of The Stars,Delegator,Michelle Shift,PP,GB,5,28/02/2014
美麗傳承 ,V380,BEAUTY GENERATION,Montaigne,Road To Rock,Stylish Bel,PP,NZ,6,27/09/2012
美麗標緻 ,C057,BEAUTY ICON,Guerrier,Epaulette,Flying Jet,PP,AUS,3,19/10/2015
忠心美麗 ,B383,BEAUTY LOYAL,Call Me Loyal,Darci Brahma,Singapore Sling,PP,AUS,4,07/09/2014
美麗躍動 ,C318,BEAUTY SPARK,All A Spritz,All American,Bubbly Duchess,PP,AUS,3,31/08/2015
美麗精神 ,B409,BEAUTY SPIRIT,Valiant Spirit,Duporth,Graces Spirit,PP,AUS,4,14/10/2014
美好時光 ,A374,BEAUTY TIME,I Got Shivers,Magnus,Verbatim,PP,AUS,5,20/10/2013
寶貝兒 ,B365,BELLA BABY,----,Havana Gold,Chanter,ISG,IRE,4,16/03/2015
機智神駒 ,B289,BELLAGIO,Idea From Above,Echoes Of Heaven,Idea,PPG,NZ,4,13/11/2014
紅粉彩影 ,C284,BEST ALLIANCE,Picture No Sound,Dark Angel,Little Audio,PP,IRE,4,29/03/2015
有衝勁 ,T220,BEST EFFORT,Chinese Jade,Cape Cross,Chinese White,PP,GB,8,25/03/2011
好友利 ,C223,BEST FOR YOU,Forestville,Not A Single Doubt,Frenchs Forest,PPG,AUS,3,18/10/2015
海龍 ,B036,BEST RUNNER,----,Redwood,Agi Gu Li,PPG,NZ,5,23/09/2013
自由喜 ,B359,BEST SMILE,----,Kodiac,City Dancer,ISG,IRE,4,26/03/2015
玩斗福星 ,B462,BESTA LUCK,Bitta Luck,Exceed And Excel,Gabrieli,PPG,AUS,4,14/11/2014
與你同行 ,C258,BETHANY,Myholydream,Holy Roman Emperor,Milena's Dream,PP,FR,4,24/01/2015
玩得好 ,A383,BETTER CHOICE,Bastoy Island,Hard Spun,Sweet Scene,PPG,AUS,5,15/09/2013
龍船 ,V186,BIG BANG BONG,Bing Bang Bong,Big Bad Bob,Dreamaway,PP,IRE,6,02/02/2013
依斯堅 ,B028,BIG BULLY,----,Magic Albert,Fiammarosa,PPG,AUS,4,14/09/2014
發財寶 ,B220,BIG FORTUNE,Feng Chu,Moshe,Divine Lady,PP,AUS,4,05/09/2014
日日精彩 ,B461,BIG PARTY,----,Exceed And Excel,De Groove,PPG,AUS,3,30/09/2015
大力 ,C178,BIG POWER,----,Uncle Mo,I'm No Chicken,PPG,AUS,3,06/10/2015
仁者荃心 ,A157,BIG TIME BABY,Big Time Baby,Dandy Man,Royal Majestic,PP,IRE,5,17/03/2014
活影 ,B100,BIGWOOD,Bigwood,Requinto,Talkin Kate,PP,IRE,5,27/04/2014
大四喜 ,A301,BINGO,----,Hinchinbrook,Startling Pleasure,PPG,AUS,4,02/10/2014
藍天兵馬 ,A389,BINGO HERO,State Witness,Star Witness,Our Contessina,PPG,AUS,5,31/08/2013
威威心得 ,B052,BIZ POWER,Biz Power,Power,Biz Bar,PP,IRE,5,20/04/2014
百里名駒 ,C097,BLADE RACER,----,Guillotine,Karenza,PPG,NZ,3,05/10/2015
水箭龜 ,C450,BLASTOISE,Blastoise,Ambidexter,Lifting,PPG,AUS,3,21/09/2015
晴朗拍檔 ,B071,BLAZING PARTNERS,Sky Twenty One,Echoes Of Heaven,Flightime,PP,NZ,5,22/08/2013
世澤福星 ,C401,BLESSED STAR,----,Bernardini,Divine Spice,ISG,AUS,3,09/09/2015
銀亮福將 ,B418,BLINK OF A SECOND,Flying Saga,Real Saga,Spring Collection,PPG,AUS,4,26/08/2014
大灣駒 ,C018,BLISSFUL EIGHT,----,Snitzel,Lovemelikearock,PPG,AUS,3,12/08/2015
好得威 ,B290,BLITZING,----,Jimmy Choux,Fast Fame,PPG,NZ,4,04/10/2014
安定繁盛 ,C064,BLOOMING SPIRIT,Ask Not What,Spirit Of Boom,Pheebles,PPG,AUS,3,15/10/2015
孟買之星 ,A338,BOMBAY BLITZ,Detective,Snitzel,Covertly,PP,AUS,5,01/09/2013
八心之友 ,A007,BOND ELEGANCE,Gaby Driver,Hard Spun,La Italia,PPG,AUS,5,16/09/2013
駿驫 ,V319,BONITO,----,O'Reilly,Lafleur,ISG,NZ,6,16/10/2012
軍歌 ,T103,BORN IN CHINA,Born In Bombay,Shamardal,Pearl Dance,PP,GB,8,28/05/2011
老友記 ,T313,BORNTOACHIEVE,Borntoachieve,Bernardini,La Falette,PP,AUS,7,04/10/2011
勇敢神駒 ,C066,BRAVE BABY,Brave Story,Stratum,Rosmarino,PPG,AUS,4,30/10/2014
勇勢 ,B434,BRAVE COMMAND,----,Commands,Brave And Bold,PPG,AUS,4,31/08/2014
勇敢傳說 ,A260,BRAVE LEGEND,Khar Khorum,Choisir,Uno Sayuri,PP,AUS,5,01/10/2013
西夏之王 ,C295,BRAVERY AND POWER,Perfect Symmetry,Gimmethegreenlight,The Taj,PP,SAF,3,24/09/2015
彪形猛漢 ,A102,BRAVO WATCHMAN,Bravo Watchman,Congrats,Secover,PPG,AUS,5,07/10/2013
創紀錄 ,C168,BREAK RECORD,Let's Blaze,Casino Prince,Bella Laguna,PPG,AUS,3,17/10/2015
育馬新星 ,C162,BREEDERS' SKY,Hypnotist,Snitzel,My Amazing Dream,PP,AUS,4,21/10/2014
育馬妙星 ,V197,BREEDERS' STAR,Mistral Thief,Jet Spur,Like The Wind,PP,AUS,6,29/09/2012
春風得意 ,C309,BREEZE OF SPRING,----,Pins,Genius,PPG,NZ,3,22/09/2015
特醒 ,C060,BRIGHT KID,Pah Terie,Show A Heart,Exedra,PP,AUS,4,02/08/2014
錢途燦爛 ,C005,BRILLIANT,Trick And True,Encosta de Lago,True Roman,PPG,AUS,4,28/08/2014
必有利 ,C410,BRILLIANT PROFIT,----,Starcraft,Purring Flyer,ISG,AUS,3,10/09/2015
放馬過來 ,V407,BRING IT ON,Freeman,Arcano,Sassy Gal,PP,IRE,6,18/02/2013
二郎 ,C019,BUDDIES,----,So You Think,Gladwell,PPG,AUS,3,19/09/2015
燈胆精英 ,A183,BULB ELITE,The Soultaker,Iffraaj,Miranda Miss,PP,NZ,5,09/08/2013
牛精大哥 ,C034,BULLISH BROTHER,Victory Express,Reward For Effort,Stream Royale,PPG,AUS,3,09/09/2015
牛精輝煌 ,A118,BULLISH GLORY,Biz Heart,Roderic O'Connor,Biz Bar,PP,IRE,6,24/04/2013
活力寶駒 ,B279,BUNDLE OF ENERGY,D'Morris,Reliable Man,Betty Brown,PPG,NZ,4,17/08/2014
盡開顏 ,A317,BUOYANT BOY,----,Zoffany,Close To The Edge,ISG,GB,5,03/04/2014
,C338,C338,----,Snitzel,Ain'Tnofallenstar,PPG,AUS,2,21/10/2016
,C387,C387,----,Street Boss,Little Fishes,PPG,AUS,3,16/09/2015
,C396,C396,Shanghai Lad,Spirit Of Boom,Figure,PPG,AUS,2,01/09/2016
,C398,C398,Wiesenbach,Jukebox Jury,Wurfscheibe,PP,GB,4,23/04/2015
,C402,C402,----,Acclamation,Insaaf,ISG,GB,3,06/02/2016
,C403,C403,----,Choisir,Couredge,ISG,AUS,3,27/08/2015
,C406,C406,----,Exceed And Excel,Emotional Circus,ISG,AUS,3,30/09/2015
,C408,C408,----,Hinchinbrook,Double Malt,ISG,AUS,3,30/08/2015
,C422,C422,----,Fastnet Rock,Silent Cash,ISG,AUS,3,21/09/2015
,C424,C424,----,Declaration Of War,Love All,ISG,AUS,3,08/09/2015
,C427,C427,----,Savabeel,Caesour's Promise,ISG,AUS,3,10/10/2015
,C428,C428,Total Excess,Delago Deluxe,Avail,PP,AUS,3,27/08/2015
,C432,C432,Cantstopthefeeling,Swiss Ace,Primadonna Girl,PP,NZ,3,01/11/2015
,C434,C434,----,Highly Recommended,Skite,PPG,NZ,3,19/10/2015
,C436,C436,----,Savabeel,Maxmara,PPG,NZ,2,09/10/2016
,C437,C437,----,Savabeel,Miss Montjeu,PPG,NZ,2,26/09/2016
,C438,C438,----,Starcraft,Stage Doll,PPG,AUS,3,24/09/2015
,C442,C442,Even Keel,Born To Sea,Dew,PP,IRE,3,13/02/2016
,C443,C443,Holy Heart,Holy Roman Emperor,Heart Of Ice,PP,IRE,4,30/04/2015
,C445,C445,Endeavouring,Shamardal,La Divina,PPG,IRE,3,04/02/2016
,C447,C447,Swelt,Sizzling,Midnight Dancer,PP,AUS,3,30/09/2015
,C451,C451,----,Exceed And Excel,Troubeaut,PPG,AUS,2,23/10/2016
,C452,C452,Coin Drop,Hussonet,Miss Piggy Bank,PPG,AUS,3,27/10/2015
,C454,C454,Clarico,I Am Invincible,Andromache,PPG,AUS,2,16/09/2016
,C455,C455,Vega Rhythm,Lope de Vega,Melodic,PPG,NZ,3,18/08/2015
,C456,C456,Turf Brilliant,Manhattan Rain,Paradise Lost,PPG,AUS,3,12/09/2015
,C457,C457,----,Per Incanto,Princess Annaliese,PPG,NZ,2,02/11/2016
,C458,C458,The Last Won,Coats Choice,Blue Blond,PP,NZ,3,28/10/2015
,C459,C459,----,Keeper,Zabinella,PPG,NZ,3,11/10/2015
,C460,C460,----,Per Incanto,Lutine Belle,PPG,NZ,3,29/10/2015
,C461,C461,----,Pins,Miracle Miss,PPG,NZ,2,29/08/2016
常拼常勝 ,V037,C P POWER,----,Nadeem,Miss Galileo,PPG,AUS,6,12/08/2012
加州神箭 ,A417,CALIFORNIA ARCHER,California Archer,High Chaparral,Sarasota,PP,AUS,5,15/08/2013
加州銀晉 ,C042,CALIFORNIA ARGENT,Wilderness Now,Kendargent,Full Snow Moon,PP,IRE,4,04/04/2015
加州福星 ,A415,CALIFORNIA FORTUNE,California Fortune,Fastnet Rock,Mimi Lebrock,PP,AUS,5,06/10/2013
加州更好 ,B204,CALIFORNIA GUNGHO,Less Pire,Shakespearean,Less Crazy,PP,FR,4,08/03/2015
加州明雋 ,B363,CALIFORNIA LEGEND,----,Camelot,Kiss Me Goodbye,ISG,IRE,4,08/02/2015
加州多寶 ,C077,CALIFORNIA TURBO,California Turbo,Fastnet Rock,Celebria,PP,AUS,4,31/10/2014
加州議長 ,A114,CALIFORNIA WHIP,Chief Whip,Giant's Causeway,Canterbury Lace,PP,USA,6,09/03/2013
加州金礦 ,C076,CALIFORNIAGOLDRUSH,Traminer,Dream Ahead,Viognier,PP,AUS,4,14/09/2014
話晒事 ,B239,CALLING THE SHOTS,Camelback,Exchange Rate,Pick And Choose,PP,USA,4,15/02/2015
金剛 ,B431,CAO CAO,Cao Cao,Fastnet Rock,Serenada,PP,AUS,4,15/10/2014
艦長天下 ,B096,CAPTAIN BOSS,Hailstone,Dream Ahead,Candy Ride,PP,IRE,5,18/04/2014
瀟灑王子 ,V069,CARE FREE PRINCE,Care Free Boy,Street Sense,Angora,PPG,AUS,6,21/08/2012
吉利馬王 ,V305,CARRY TO WIN,----,Smart Missile,Arms Wide Open,PPG,AUS,5,27/09/2013
步履娛飛 ,C289,CASA DE FORCA,Hombre Casado,Siyouni,Storma,PP,FR,4,31/01/2015
領航寶寶 ,C087,CASA GLORY,Casa Glory,Fastnet Rock,Avienus,PPG,AUS,3,06/11/2015
天賦致寶 ,S417,CASH COURIER,Cash Courier,Strada,Eugenie Gold,PP,AUS,8,30/09/2010
三圓䮭路 ,C149,CASIMIRO,Casimiro,Casamento,Glyndebourne,PP,IRE,5,22/02/2014
曦世寶貝 ,C439,CATRINA BABY,----,Stratum,Ruppertsberg,PPG,NZ,3,25/10/2015
金禧足球 ,A085,CELEBRATION,----,O'Reilly,One Love,PPG,NZ,5,16/10/2013
世紀愛駒 ,C051,CENTENARY ERIN,Imagine Dragon,Intense Focus,Tus Nua,PPG,IRE,4,04/03/2015
中神通 ,C444,CENTRAL EXPRESS,Gift,More Than Ready,Generosity,PPG,USA,3,04/05/2016
月追越風 ,A398,CEREFINO,Broken Heart,Fully Fledged,Honeymoonzova,PP,NZ,5,13/10/2013
齊齊上 ,B037,CHACHAUP,----,Reward For Effort,Raewyn,PPG,AUS,4,20/09/2014
嫡愛摯寶 ,C062,CHAIRMAN LO,Chairman Lo,Sidereus,Saluting,PPG,AUS,3,05/08/2015
文武先鋒 ,B049,CHAMPION PRIDE,Eaton Square,Invincible Spirit,Loch Jipp,PP,GB,5,11/04/2014
天外天 ,B435,CHAMPION SUPREME,Champion Supreme,Denman,Future Choice,PPG,AUS,3,12/10/2015
勝得精彩 ,C061,CHAMPION'S WAY,Tony's Tale,Hinchinbrook,Greta's Yarn,PPG,AUS,3,07/10/2015
真跑得 ,A220,CHAPARRAL STAR,----,High Chaparral,Sutology,PPG,AUS,4,11/10/2014
快益善 ,B478,CHARITY GO,Fortune's Pearl,Harbour Watch,Princess Mood,PP,IRE,4,07/03/2015
泰益善 ,B358,CHARITY GRAND,----,Exceed And Excel,Music Review,ISG,AUS,4,09/09/2014
永益善 ,B003,CHARITY WINGS,Al Barsha,Bel Esprit,Viva Dubai,PPG,AUS,5,03/09/2013
眾善積福 ,B334,CHARITYDREAM,Charity Joy,Oasis Dream,Morzine,PPG,GB,4,13/04/2015
噴火龍 ,B463,CHARIZARD,Charizard,Onemorenomore,Whatsaname,PPG,AUS,4,29/08/2014
有斐君子 ,B154,CHARMING BACHELOR,----,Exceed And Excel,Sabanila,PPG,GER,5,02/04/2014
金獅勁將 ,C202,CHATER KING,Adventure World,Dabirsim,Allure,PPG,GER,3,30/03/2016
金獅雷將 ,A325,CHATER THUNDER,----,Oasis Dream,Sanjida,ISG,FR,5,11/02/2014
出奇寶 ,B471,CHEEKY BEE,Cheeky Bee,Niagara,No Reins,PP,NZ,4,28/10/2014
志友運 ,V347,CHEER WIN,----,Showcasing,Spamalot,PPG,NZ,5,24/09/2013
喜歡笑 ,B165,CHEERFUL GIGGLES,Rockstar Rebel,Rebel Raider,Dublin Me Bet,PP,AUS,5,23/09/2013
精彩有你 ,C394,CHEERFUL LEADER,----,Helmet,Boracay,PPG,AUS,3,23/09/2015
神州福星 ,B326,CHEERFUL STAR,Liwanu,Excelebration,Lausanne,PP,FR,5,04/03/2014
喜進 ,A188,CHEERFULJET,----,Darci Brahma,Bright Abyss,PPG,NZ,5,07/09/2013
豪霸 ,C204,CHEERS VANQUISHER,Howling Ridge,Footstepsinthesand,Aussie Opera,PP,IRE,3,30/03/2016
任我行 ,C297,CHEFANO,Vacquero,Silvano,Valdovino,PP,SAF,4,20/08/2014
吉祥駿駒 ,C260,CHEVAL PROMETTEUR,Glorious Army,Declaration Of War,Shibina,PP,GB,4,21/04/2015
閃電俠 ,C099,CHICKEN DANCE,----,Hinchinbrook,Mallard,PPG,AUS,3,03/09/2015
潮州小子 ,T412,CHIU CHOW KID,Manofmanytalents,Bertolini,Starbeck,PP,GB,7,06/04/2012
中華之光 ,A168,CHUNG WAH SPIRIT,Cash Dash,Dash For Cash,Letter From France,PP,AUS,5,08/09/2013
狂舞派 ,B404,CINQUANTE CINQ,----,Tavistock,Jugadora,PPG,NZ,4,16/11/2014
綫路光輝 ,A402,CIRCUIT GLORY,Tavidream,Tavistock,Cinnadream,PP,NZ,5,03/11/2013
綫路勇駒 ,A041,CIRCUIT HASSLER,The Hassler,Shocking,Zaquabeel,PP,NZ,6,28/11/2012
電路一號 ,B373,CIRCUIT NUMBER ONE,----,Holy Roman Emperor,Ysoldina,ISG,GB,4,04/04/2015
電路二號 ,B387,CIRCUIT NUMBER TWO,Keen,Teofilo,Fain,PP,AUS,4,27/09/2014
電路三號 ,B360,CIRCUIT THREE,----,Savabeel,Forty Two Below,ISG,NZ,4,01/11/2014
龍船鼓響 ,T286,CITRON SPIRIT,Citron Spirit,Invincible Spirit,Citron Presse,PP,IRE,7,12/04/2012
都市神話 ,A086,CITY LEGEND,----,Red Giant,Show Exhibit,PPG,NZ,5,25/09/2013
美麗經典 ,C049,CLASSIC BEAUTY,London Icon,Elzaam,Big Swifty,PP,IRE,4,21/02/2015
明欣賞 ,C327,CLASSIC POSH,It's A Classic,Testa Rossa,Makaha,PP,AUS,3,29/10/2015
經典之星 ,C343,CLASSIC UNICORN,----,Per Incanto,Grace And Eva,PPG,NZ,3,25/11/2015
八太子 ,A426,CLEAR CHOICE,Tickle Torture,Rebel Raider,Callipygian,PPG,AUS,5,08/10/2013
文武傳奇 ,B137,CLEMENT LEGEND,----,Ocean Park,Spiriting,PPG,NZ,4,20/09/2014
勝者 ,C315,CLUB SPIRIT,----,Swiss Ace,Kilderry,PPG,NZ,3,22/08/2015
酷比仔 ,A297,COBY BOY,Flying Labelle,Sebring,Elle Labelle,PP,AUS,6,26/10/2012
酷比哥 ,C192,COBY OPPA,----,The Factor,Amazing Tale,PPG,AUS,3,07/09/2015
酷比威 ,C382,COBY WIN,Flying Oppa,Foxwedge,Flying Mistress,PPG,AUS,3,28/10/2015
精進百樂 ,C177,COLORADO HIGH,Colorado High,Star Witness,Redance,PPG,AUS,3,17/11/2015
上旺財上 ,A285,COME ON WONGCHOY,----,Written Tycoon,Hayley's Thunder,PPG,AUS,4,19/10/2014
自在人生 ,B169,COMFORT LIFE,Lethal Bond,Smart Missile,Goldfinger,PP,AUS,5,20/10/2013
善傳千里 ,A121,COMPASSION STAR,----,Bullbars,Tricilo,PPG,NZ,5,19/10/2013
龍串鳳 ,B116,COMPLACENCY,Complacency,Charge Forward,Jemison,PPG,AUS,4,14/09/2014
紅褲日 ,C272,CONFUCIUS DAY,Scream Park,Ocean Park,Cassata,PP,NZ,4,04/11/2014
以奇用兵 ,A429,CONTE,Space Slots,Starcraft,Miss Midas,PPG,AUS,5,01/11/2013
心多多 ,B264,COOL TEAM,Cool Team,Tamayuz,Coolminx,PP,IRE,5,10/02/2014
勁得手 ,C030,COOLCELEB,----,Foxwedge,Celebrity Appeal,PPG,AUS,3,15/10/2015
合夥人 ,C157,COPARTNER,----,Slade Power,French Fern,PPG,IRE,3,28/03/2016
蟲草之星 ,B070,CORDYCEPS,----,Stratum,Enciamo,PPG,AUS,4,11/09/2014
勁快步 ,A053,CORRE RAPIDO,Raffia,Iffraaj,Charangas,PPG,NZ,6,08/10/2012
吉金寶 ,C298,COT CAMPBELL,Cot Campbell,Trippi,Ebony Flyer,PP,SAF,4,06/10/2014
鄉村瑰寶 ,B396,COUNTRY STAR,Lunar Probe,Starcraft,Moonrush,PPG,AUS,3,12/09/2015
確威龍 ,P190,COUR VALANT,Cour Valant,Bahamian Bounty,Gee Kel,PP,GB,9,09/02/2010
鐵胆威龍 ,C015,COURAGEOUS DRAGON,Somepinswrong,Pins,Somethymesoon,PPG,NZ,4,02/11/2014
紀利雄星 ,C041,CRAIG'S STAR,Little Less Noise,Your Song,Little Less Lip,PPG,AUS,3,14/11/2015
榮冠大道 ,V378,CROWN AVENUE,Prince Of Spin,Hard Spun,Royal Tour,PP,AUS,6,17/09/2012
龍之英 ,C206,CRUCIATUS,Cruciatus,Teofilo,Becalm,PP,IRE,3,26/03/2016
巡航導彈 ,B337,CRUISING,Cruising,Danerich,Appointment,PP,AUS,4,15/10/2014
埼豐 ,A083,CURLING LUXURY,----,O'Reilly,Former Glory,PPG,NZ,6,26/10/2012
翩翩 ,V344,D B PIN,----,Darci Brahma,Pins 'N' Needles,PPG,NZ,6,19/10/2012
靚跑得 ,A213,DALRADIAN,Dalradian,Reward For Effort,Miss Ireland,PP,AUS,5,21/08/2013
春花秋月 ,C267,DAN CONTROL,Bruce Wayne,Slade Power,Tallulah Bell,PP,IRE,3,05/04/2016
與龍共舞 ,B129,DANCES WITH DRAGON,Hall Of Fame,Savabeel,Around The Clock,PP,NZ,5,24/08/2013
舞士精神 ,C180,DANCING FIGHTER,Umi Zoumi,Zoustar,Permaiscuous,PPG,AUS,3,30/10/2015
丹山玉 ,C020,DANEHILL JADE,Danehill Jade,Star Witness,Trading Halt,PPG,AUS,3,11/10/2015
狂想派 ,C235,DARE TO DREAM,----,Dream Ahead,Klairessadane,PPG,AUS,3,10/09/2015
一定賺 ,V398,DARING FIT,----,Iffraaj,Skimmio,PPG,NZ,5,10/11/2013
得其康 ,V260,DARING HEART,----,Show A Heart,Kamiri,PPG,AUS,5,13/11/2013
達龍駒 ,C075,DARK DREAM,Dark Dream,All American,Buchanan Girl,PP,AUS,4,30/10/2014
黑馬王子 ,B209,DARK KNIGHT,El Cap,Speightstown,Divine Presence,PP,USA,5,18/01/2014
奔馳寶馬 ,V038,DASHING DART,----,Pins,Chockaholic,PPG,NZ,7,26/10/2011
有利高 ,A412,DASHING GAINER,Exceed The Moon,Exceed And Excel,Lune Rouge,PP,AUS,6,27/08/2012
蜜運 ,B341,DATING,Daniel,Danerich,Perlight,PPG,AUS,4,01/09/2014
鵰神 ,B023,DEAL MAKER,----,Darci Brahma,Wildcat Woman,PPG,NZ,5,15/09/2013
博愛友威 ,C152,DECISIVE ACTION,Decisive Action,Rip Van Winkle,Shared Experience,PP,IRE,3,07/01/2016
關鍵時機 ,C159,DEFINING MOMENT,Mussoorie Magic,Good Journey,Bella Bellucci,PP,AUS,4,13/10/2014
迪雅卓 ,C811,DEIRDRE,----,Harbinger,Reizend,VIS,JPN,5,04/04/2014
笑逐顏開 ,A099,DELIGHT EXPRESS,Torelli,Tavistock,Wahaha,PP,NZ,6,22/10/2012
八進 ,B263,DEMONS ROCK,Demons Rock,Requinto,Afnoon,PP,IRE,4,30/04/2015
天意 ,V417,DESTIN,One Last Look,Duporth,Lady Jaguar,PPG,AUS,5,24/09/2013
閃耀榮光 ,B372,DIAMOND BRILLIANT,----,Not A Single Doubt,Aringarosa,ISG,AUS,4,16/10/2014
鑽飾飛龍 ,V002,DIAMOND DRAGON,Diamond Dragon,Not A Single Doubt,Umatilly,PP,AUS,7,14/11/2011
閃耀鑽皇 ,S347,DIAMOND KING,----,O'Reilly,The Dazzler,ISG,NZ,7,03/09/2011
鑽石達人 ,V341,DIAMOND LEGEND,Northern Legend,More Than Ready,Aqua d'Amore,PP,AUS,6,30/09/2012
鑽飾明駝 ,B183,DIAMOND RHYME,Keeper Keen,Sebring,Keeper Quiet,PP,AUS,4,20/08/2014
幸運寶策 ,C246,DIGITAL TRIUMPH,----,Bernardini,Miss Zapper,PPG,AUS,3,13/08/2015
達羅素 ,V246,DINOZZO,Dinozzo,Lilbourne Lad,Nisriyna,PP,IRE,6,07/04/2013
醉醒神 ,B436,DIONYSUS COLLIN,Ulysse Colin,Dream Ahead,Charlety Star,PPG,AUS,3,15/11/2015
區域快車 ,B136,DISTRICT EXPRESS,----,O'Reilly,Flutter,PPG,NZ,4,01/11/2014
好醒神 ,C175,DIVINE POWER,----,Sebring,Sharp Secretary,PPG,AUS,3,01/11/2015
神舟寶駒 ,C269,DIVINE UNICORN,Divine Unicorn,Lope de Vega,Inchberry,PP,GB,5,25/04/2014
幸福分享 ,A409,DOCTOR GEOFF,Doctor Geoff,Fast Company,More Respect,PP,IRE,5,29/03/2014
喜悅明駒 ,A044,DOCTORS DELIGHT,----,Casino Prince,Miraflores,PPG,NZ,6,22/09/2012
理想回報 ,A305,DOLLAR REWARD,Dollar Reward,Shamardal,Cape Dollar,PP,GB,6,11/04/2013
多多 ,C109,DOR DOR,----,Shamexpress,Queen Of Avalon,PPG,NZ,3,14/09/2015
東方孖寶 ,T267,DOUBLE DOUBLE,----,Volksraad,Rita Moreno,PPG,NZ,6,09/11/2012
友情人 ,A163,DOUBLE VALENTINE,Currency Converter,Exchange Rate,Ruby's Realm,PP,USA,5,14/02/2014
醫生雄星 ,C335,DR LUCKY STAR,Dr Lucky Star,Redoute's Choice,Fashion Note,PPG,AUS,3,09/11/2015
慣勝積極 ,A345,DR PROACTIVE,----,Denman,Batroun,PPG,NZ,5,18/09/2013
喜菜 ,T284,DR RACE,Dr King,Dr Fong,Sommerflora,PP,ITY,7,04/05/2012
慣勝尊重 ,C129,DR RESPECT,----,Commands,Twickers,PPG,AUS,4,27/09/2014
皇龍司令 ,C208,DRAGON COMMANDER,Way Back,Motivator,Alamagna,PP,FR,4,03/02/2015
團圓豐收 ,V409,DRAGON DANCE,Picca Jack,Bianconi,Fonteyn Star,PP,AUS,6,05/09/2012
皇龍大將 ,T400,DRAGON GENERAL,Casper's Ghost,Reaan,Grey Deceiver,PP,AUS,7,23/09/2011
皇仁傳奇 ,C169,DRAGON LEGEND,White Iverson,Congrats,Scone,PPG,AUS,3,27/10/2015
皇仁先鋒 ,A381,DRAGON PIONEER,Styleman,Zoffany,She's Sirius,PP,AUS,5,28/09/2013
龍之團 ,B439,DRAGON REGIMENT,Hang Ten,Golden Archer,Crest Of The Wave,PPG,AUS,4,05/09/2014
龍騰馬躍 ,V202,DRAGON WARRIOR,Teed Up Terry,Haradasun,Nevaloveduanyway,PPG,AUS,6,09/09/2012
美夢成真 ,B269,DREAM COME TRUE,Darhad,All Too Hard,Kakakakatie,PP,AUS,4,15/09/2014
揚名聲 ,C395,DREAM TEAM,----,Rubick,Honeymoon Cruise,PPG,AUS,2,23/08/2016
夢幻戰士 ,C280,DREAM WARRIORS,Wise Missille,Smart Missile,Mitzi,PPG,AUS,3,17/09/2015
韋小寶 ,C188,DUKE WAI,----,Per Incanto,Swan Lake,PPG,NZ,3,22/09/2015
動力飛鷹 ,B072,DYNAMIC EAGLE,Dynamic Eagle,Guillotine,Dosh,PP,NZ,5,03/11/2013
大雁塔 ,C090,DYNASTA,----,Redoute's Choice,Silver Blossom,PPG,AUS,3,16/08/2015
電子傳承 ,C322,E GENERATION,Geographic,I Am Invincible,North Pole Dancer,PP,AUS,3,16/09/2015
電子大師 ,A254,E MASTER,Porzingis,Dreamscape,Ditas,PPG,AUS,5,25/09/2013
電子群星 ,C132,E STAR,----,Ferlax,Duck For Cover,PPG,NZ,3,04/09/2015
電子醒神 ,C411,E STUNNING,----,Exceed And Excel,Regal Realm,ISG,GB,3,03/05/2016
旺舖大師 ,B106,EAGLE,Silence,Foxwedge,Hush Up,PP,AUS,4,16/08/2014
鷹雄 ,A093,EAGLE WAY,Eagle Way,More Than Ready,Wedgetail Eagle,PP,AUS,6,11/11/2012
水火風 ,C211,EARTH TRILOGY,Table Mountain,Animal Kingdom,Aliyana Tilde,PP,AUS,4,12/10/2014
得勝駒 ,B112,EASY GO EASY WIN,Easy Go Easy Win,Savabeel,Tootsie,PP,NZ,4,19/09/2014
八卦 ,C102,EIGHT TRIGRAMS,----,Magnus,Demandehere,PPG,AUS,3,25/10/2015
快閃的 ,A189,ELECTRIC LIGHTNING,----,Not A Single Doubt,Plain Crazy,PPG,AUS,5,26/08/2013
精英寶貝 ,B015,ELITE BOY,----,Align,English Kath,PPG,NZ,4,31/08/2014
錶之銳 ,C193,ELITE PATCH,Clever Patch,Hard Spun,Toko Yuzuki,PP,JPN,4,01/04/2015
烽煙四喜 ,A036,ELUSIVE STATE,Elusive State,All American,Jarada,PP,AUS,5,22/08/2013
綠尚飛馳 ,B258,EMERALD SPUR,----,Super Easy,Emerald Isle,PPG,NZ,4,03/10/2014
遠近馳名 ,C828,EMINENT,----,Frankel,You'll Be Mine,VIS,IRE,5,04/03/2014
帝勝之星 ,A145,EMPIRE STAR,----,Skilled,Oh What A Song,PPG,AUS,5,19/10/2013
鞍歌 ,A177,ENCORE BOY,----,Smart Missile,Miss Bellezza,PPG,AUS,5,03/10/2013
安騏 ,B109,ENCOURAGING,France,Redoute's Choice,Miss Marielle,PP,AUS,5,24/08/2013
安喜 ,V338,ENDEARING,World Order,Lonhro,Ballet Society,PP,AUS,6,31/08/2012
安賦 ,B353,ENFOLDING,Enfolding,Fastnet Rock,Althea Rose,PP,IRE,5,06/05/2014
及時行樂 ,A125,ENJOY LIFE,----,Falkirk,Sorbello,PPG,NZ,5,30/11/2013
如沐春風 ,B150,ENJOYABLE SUCCESS,Majoris,Frankel,Drops,PP,IRE,5,14/02/2014
勁嘉輝 ,T236,ENORMOUS HONOUR,Enormous Honour,Encosta de Lago,Myrrh,PP,AUS,8,22/10/2010
傑彩繽紛 ,B457,ENRICHMENT,Belfast,Teofilo,Lovingthelimelight,PP,AUS,4,02/09/2014
安迅 ,C262,ENSHRINED,Fox Coach,Foxwedge,Coachhouse Lady,PP,IRE,3,18/02/2016
安素兒子 ,C823,ENZO'S LAD,----,Testa Rossa,Sheerama,VIS,AUS,6,31/07/2012
贏得精綵 ,C114,EPIC,Merlin Magic,Camelot,Seattle Ribbon,PP,GB,4,02/03/2015
愛添滿 ,B305,EPTIMUM,Eptimum,Snitzel,Paramount,PP,AUS,4,18/09/2014
愛添勝 ,B362,EPTIWINS,----,Poet's Voice,Salix Caprea,ISG,AUS,4,27/08/2014
埃塞紡 ,C209,ETHIOPIAN YARN,Together Again,Pivotal,Regal Aura,PP,GB,5,29/01/2014
開懷大少 ,A278,EVER LAUGH,----,Savabeel,Sotela,PPG,AUS,5,13/11/2013
常山耆寶 ,A275,EVER STRONG,----,Savabeel,Fire Song,PPG,NZ,5,26/09/2013
清福 ,A364,EVERBRAVE,Everbrave,Alamosa,Miss Riviera,PP,NZ,5,14/10/2013
大眾勁駒 ,B074,EVERYONE'S ELITE,----,Dalakhani,Sobraine,PPG,AUS,4,07/09/2014
大眾歡呼 ,C225,EVERYONE'S JOY,Concor Bridge,Redoute's Choice,Axiom,PPG,AUS,3,24/10/2015
榮惑 ,C370,EXALTATION,Dumouriez,Elzaam,Kolkata,PP,IRE,3,25/04/2016
喜勁驥 ,C006,EXCEL DELIGHT,----,Exceed And Excel,Miss Krovanh,PPG,AUS,3,10/10/2015
友享友賞 ,A142,EXCEPTIONAL DESIRE,Darci's Desire,Darci Brahma,Grace And Eva,PPG,NZ,5,24/10/2013
勝利專家 ,A110,EXPERTO CREDE,Experto Crede,Exceed And Excel,Shepherdia,PP,IRE,6,09/03/2013
帖木兒 ,B001,EXPLOSIVE WITNESS,Explosive Witness,Star Witness,Rocket Baby,PP,AUS,4,08/09/2014
洪荒駿駒 ,A031,EXPONENTS,Exponents,Foxwedge,Sunday Service,PPG,AUS,5,12/11/2013
時時精綵 ,B101,EXULTANT,Irishcorrespondent,Teofilo,Contrary,PP,IRE,5,24/03/2014
翡翠綠 ,C056,EZRA,Ezra,Oratorio,Emerald Beauty,PPG,SAF,3,18/09/2015
富高八斗 ,B473,FABULOUS EIGHT,----,Dream Ahead,Coco Kerringle,PPG,AUS,3,12/09/2015
發盈喜 ,T005,FABULOUS ONE,Where's Noah,Elusive City,Beautiful Unicorn,PPG,NZ,7,03/10/2011
喜氣綿綿 ,C236,FAIRY FLOSS,----,Guillotine,Hang Seng,PPG,NZ,3,01/10/2015
夢幻仙子 ,V222,FAIRY TWINS,Coyote Springs,Oamaru Force,Desert Gardens,PPG,AUS,6,03/10/2012
鵲橋飛渡 ,A247,FAITHFUL TRINITY,Skarino Gold,Wiener Walzer,Saaleland,PP,GER,5,09/03/2014
順意寶 ,B164,FALCON TURBO,Falconic,Nicconi,Queen Of The Falls,PP,AUS,4,14/09/2014
星日名駒 ,B082,FAME AND FORTUNE,----,Street Boss,Brooklyn Roads,PPG,NZ,4,15/10/2014
自然君子 ,C089,FAMILY LEADER,Aetheria,Makfi,Egeria,PPG,NZ,4,27/08/2014
佳知武仕 ,B219,FAMOUS WARRIOR,Sneaky Glance,Husson,Danehill Smile,PP,AUS,5,21/10/2013
赤水神駒 ,V364,FANTASTIC FABIO,Fantastic Fellow,Hidden Dragon,Fantastic Flo Jo,PPG,AUS,5,31/10/2013
越感 ,T273,FANTASTIC FEELING,Fantastic Feeling,Show A Heart,Twirling Heights,PP,AUS,7,28/08/2011
爆騷 ,A207,FANTASTIC SHOW,----,Not A Single Doubt,Evoked,PPG,AUS,4,14/09/2014
廣陵王 ,C148,FARHH ABOVE,----,Farhh,Turmalin,PPG,GB,3,29/02/2016
濃有 ,C244,FARM BUMPER,----,Tycoon Ruler,Buck 'N' Jazz,PPG,AUS,3,27/08/2015
童話 ,B238,FARSHAD,Farshad,Kendargent,Forever Midnight,PP,GER,5,25/03/2014
百步穿雲 ,A165,FAST MOST FURIOUS,Seville Star,Lope de Vega,Al Basar,PP,IRE,6,01/03/2013
載譽歸來 ,C215,FAT TURTLE,Butchoy,Smart Missile,Pilya,PP,AUS,4,24/08/2014
成才 ,B085,FEARLESS FIRE,Mucho Applause,Acclamation,Pediment,PP,IRE,5,24/04/2014
縱橫四海 ,C142,FENRIR,Voyager Blue,Footstepsinthesand,Bristol Fashion,PP,GB,4,29/01/2015
駿風馳 ,B181,FIAMA,Ratoute Yutty,Makfi,Proud Hussey,PP,AUS,5,29/10/2013
五十五十 ,A287,FIFTY FIFTY,Speedy Grey,Thorn Park,Udiditagain,PP,NZ,6,14/10/2012
藍天堡馬 ,T186,FIGHT HERO,Imperiator,Footstepsinthesand,Jarhes,PP,GB,8,07/02/2011
順其自然 ,T178,FINE WITH ME,----,Starcraft,It Had To Be You,PPG,AUS,6,19/09/2012
芙蓉駿 ,C063,FIONN SPIRIT,Southern Magenta,Sizzling,Crystal Diamonds,PPG,AUS,3,26/09/2015
神火金剛 ,B004,FIRE AND GOLD,Red Rage,Charge Forward,La Viva La Rock,PPG,AUS,5,12/09/2013
首驫 ,B022,FIRST BEAUT,----,Darci Brahma,Miss Bling,PPG,NZ,5,01/08/2013
會長之星 ,C205,FIRST RESPONDER,Carbon Fibre,Helmet,Capote West,PP,IRE,3,14/03/2016
火百合 ,B050,FLAME LILY,----,Danehill Dancer,Showerproof,PPG,IRE,5,15/05/2014
一舖成名 ,B162,FLASH FAMOUS,Ilovevegas,Ilovethiscity,Ruparani,PP,AUS,4,16/10/2014
平天凡 ,C194,FLAT HEAVEN,Teckwin,French Fifteen,Ammia,PP,FR,4,26/03/2015
獎金大王 ,B433,FLYING BONUS,Bowerman,Snitzel,Sabanci,PP,AUS,4,11/08/2014
寶冠多 ,C156,FLYING EMPEROR,----,Holy Roman Emperor,Eleanor Roosevelt,PPG,IRE,3,08/04/2016
勇冠多 ,V376,FLYING GODSPELL,----,Per Incanto,Godspell,PPG,NZ,5,12/11/2013
愛飛一號 ,B058,FLYING LOVER,Thorin,Sepoy,Alberton Park,PP,AUS,5,17/10/2013
勁飛聖 ,T361,FLYING MONKEY,----,Pins,Dandify,PPG,NZ,6,07/09/2012
非常醒 ,C002,FLYING MURTY,Flying Murty,Murtajill,Wings Of Prey,PP,AUS,5,07/10/2013
勁飛寶寶 ,A267,FLYING NOBLE,----,Ekraar,Keeperinthemyst,PPG,NZ,5,06/11/2013
勤德兼備 ,A071,FLYING QUEST,Flying Quest,Alamosa,Enchant,PP,NZ,6,20/10/2012
奔雷 ,B328,FLYING THUNDER,Archie McKellar,Archipenko,Desert Berry,PP,GB,4,10/04/2015
飛虎英雄 ,C119,FLYING TIGER HERO,Major Peirson,Society Rock,Snowtime,PP,IRE,4,31/03/2015
快馬飛馳 ,C277,FLYING VICTORY,Crafty Butcher,Guillotine,Aga Panther,PPG,NZ,3,03/09/2015
全心全意 ,C254,FOCUS,----,Per Incanto,Princess Alexandra,PPG,NZ,3,01/11/2015
請跟我來 ,B440,FOLLOW ME,Claro Que Si,Lope de Vega,Star Over Kansas,PPG,AUS,3,27/08/2015
為食格格 ,C312,FOODIE PRINCESS,----,Sepoy,Raziyya Of Sydney,PPG,AUS,3,12/08/2015
又夠醒 ,C305,FOREVER BRIGHT,----,Denman,Remotely,PPG,AUS,3,13/10/2015
全勝姿態 ,V011,FORMULA GALORE,Wan Chai Warrior,Not A Single Doubt,Evening Pleasures,PPG,AUS,6,29/10/2012
繽紛駿驥 ,A292,FORTUNATE RUNNER,----,Tavistock,La Campanella,PPG,NZ,5,20/11/2013
好吉利 ,A418,FORTUNE BOOTH,Taj Mahal,More Than Ready,Gunawati,PP,AUS,5,12/09/2013
運來寶兒 ,B444,FORTUNE BUDDY,----,Medaglia d'Oro,Oh Eight Hundred,ISG,AUS,4,20/08/2014
福喜多多 ,B128,FORTUNE HAPPINESS,----,Starspangledbanner,Suite,PPG,AUS,4,09/09/2014
靈鋒 ,A245,FORTUNE PATROL,Bahamas,Rip Van Winkle,Gwyllion,PP,IRE,5,12/04/2014
運來威力 ,B120,FORTUNE WAY,----,Hinchinbrook,Bronislava,PPG,AUS,4,15/10/2014
嶺寶峯 ,B333,FORZA ANGEL,Nobly Born,Mayson,Noble One,PP,GB,5,15/04/2014
獵狐章者 ,B187,FOX CHEUNGER,Funky Pirate,Hussonet,Belle d'Orleans,PPG,AUS,4,05/11/2014
自由奔放 ,B310,FREE VIEW,----,Al Samer,Proud As Punch,PPG,AUS,3,08/09/2015
清新動力 ,B067,FRESH POWER,Air Fresh,Makfi,Bannisters,PPG,NZ,5,14/10/2013
南京之友 ,V140,FRIENDS OF NANJING,Golden Thirst,Jet Spur,She's The One,PPG,AUS,6,25/09/2012
得成正果 ,C158,FRUITFUL RESULT,----,Society Rock,Cornakill,PPG,IRE,3,28/04/2016
衝亞 ,C218,FRUSTRATED,Frustrated,All Too Hard,Brave Soul,PPG,AUS,3,27/08/2015
美麗滿載 ,C003,FULL OF BEAUTY,The Gronk,Darci Brahma,Pennacchio,PPG,AUS,4,31/08/2014
鴻圖機會 ,A284,FULL OF CHANCES,----,Thewayyouare,Suzie Temple,PPG,NZ,5,23/09/2013
福善 ,C426,FULL POWER,----,Frankel,Jakonda,ISG,IRE,3,24/02/2016
好友順 ,C337,FULL SAILING,----,Sepoy,Deema,PPG,AUS,2,26/08/2016
有錢分 ,B079,FUN TIMES,----,Savabeel,Hyades,PPG,NZ,4,10/11/2014
添滿意 ,C079,FURORE,Furore,Pierro,Stormy Choice,PP,NZ,4,24/10/2014
育成福星 ,C379,G ONE SHINING,Persistent,Delago Deluxe,Two Beauties,PPG,AUS,3,31/10/2015
萬眾之力 ,C329,G UNIT,----,Danerich,Jindga,PPG,AUS,2,14/09/2016
盈進 ,V283,GAINFULJET,----,Choisir,Absolute Dream,PPG,AUS,5,09/09/2013
精彩千里 ,C331,GALA NIGHT,----,Dissident,Prompt,PPG,AUS,2,13/08/2016
星河戰駒 ,C245,GALAXY RACER,----,Alamosa,Priorite,PPG,NZ,3,09/11/2015
威武承傳 ,B451,GALLANT LEGACY,Almadiero,Redoute's Choice,Torentosa,ISG,FR,4,07/05/2015
威武再現 ,A308,GALLANT RETURN,----,Soldier Hollow,C'est L'Amour,ISG,GER,5,10/03/2014
威武風采 ,B379,GALLANT SPIRIT,----,Street Cry,Anne Of Kiev,ISG,USA,4,24/01/2015
勝寶駒 ,A406,GALLANT SUCCESS,----,Pins,Royal Excess,PPG,NZ,4,28/10/2014
話得事 ,A162,GAMECHANGERS,Aspen Mountain,Canford Cliffs,Awjila,PP,IRE,6,26/01/2013
電玩皇者 ,B207,GAMEPLAYER EMPEROR,Luis Fernandez,Gio Ponti,Escape To Victory,PP,USA,4,27/03/2015
更跑得 ,C400,GANESH TALAI,Ganesh Talai,Philanthropist,Indian Torrent,PP,SAF,3,17/08/2015
蒜頭爺爺 ,V039,GARLIC YEAH,----,Savabeel,Eden,PPG,NZ,6,11/11/2012
上浦精神 ,C350,GENERAL CASTLEDALE,----,Castledale,Indy Star,PPG,NZ,4,06/11/2014
上浦福滿 ,A193,GENERAL DINO,L'Ami Cagnois,Doctor Dino,Arthurs Princess,PP,FR,5,30/03/2014
上浦猛將 ,P429,GENERAL IRON,Big Iron,Towkay,Plaything,PP,NZ,9,06/11/2009
將才 ,V125,GENERAL SHERMAN,General Sherman,Teofilo,Cromac,PP,IRE,7,16/04/2012
東龍陣 ,B394,GENERAL TRUMP,General Argyll,Rothesay,Cheree's General,PPG,AUS,3,30/08/2015
心慷慨 ,V394,GENEROUS HEART,Brindisi,D' Funnybone,Shakaleena,PPG,USA,6,31/03/2013
正陽清風 ,B343,GENTLE BREEZE,----,Foxwedge,Marjorie,PPG,AUS,4,13/10/2014
君子承諾 ,V042,GENTRY,----,Tavistock,Sogno,PPG,NZ,7,20/10/2011
心曠神怡 ,C264,GEORGIAN MANOR,Georgian Manor,Iffraaj,Southern House,PP,IRE,4,04/03/2015
事勝意 ,T391,GIANT TURTLE,Giant Turtle,Zabeel,Lacada,PP,NZ,7,22/10/2011
健康在望 ,C172,GIFT OF LIFELINE,Gift Of Sight,Pierro,Princess Quality,PPG,AUS,3,11/08/2015
銀時 ,C216,GINTOKI,Legadema,Star Witness,Leopard Skin,PP,AUS,4,24/08/2014
連利福將 ,B475,GLENEALY GENERALS,----,Per Incanto,Grey Swallow,PPG,NZ,3,26/10/2015
陽明豐豐 ,B016,GLITTERING ARMOUR,----,Battle Paint,Limelight,PPG,NZ,5,01/10/2013
同威 ,A223,GLORIAM,----,Mossman,Fromage,PPG,AUS,4,25/11/2014
逍遙自在 ,B210,GLORIOUS ARTIST,Glorious Artist,Zoffany,Queenie Keen,PP,IRE,5,02/02/2014
良朋共盛 ,C405,GLORIOUS BUDDY,----,Written Tycoon,Shabtis,ISG,AUS,3,29/08/2015
龍鼓飛揚 ,C120,GLORIOUS DRAGON,Stephensons Rocket,Teofilo,Tipperary Honor,PP,IRE,4,04/02/2015
歡樂之光 ,B236,GLORIOUS FOREVER,Glorious Forever,Archipenko,Here To Eternity,PP,GB,5,24/02/2014
友好日子 ,C054,GLORIOUS SPECTRUM,Met Spectrum,Helmet,Mara Spectrum,PP,GB,4,08/03/2015
歐洲之星 ,T336,GLORY STAR,----,High Chaparral,Ursula Minor,ISG,IRE,7,04/04/2012
盈豐飛駒 ,B205,GO GO FIRST,Pealer,Campanologist,Praia,PP,GER,5,13/03/2014
戈寶 ,A101,GOBI STORM,El Petardo,Artie Schiller,Pyrotechnics,PPG,AUS,5,19/10/2013
神龍駒 ,B108,GOD OF DRAGON,Pardoe,Red Dazzler,Pardees,PP,AUS,4,18/10/2014
神速寶 ,A087,GODSPEED,----,Savabeel,I Que,PPG,NZ,5,06/11/2013
霸勝 ,A270,GOKO,----,O'Reilly,Miraculous Miss,PPG,NZ,5,01/09/2013
大金庫 ,C146,GOLD CHEST,Naval Intelligence,War Front,Say,PP,USA,4,13/03/2015
金津輝煌 ,V400,GOLD VELVET,----,Savabeel,Girls On Top,PPG,NZ,5,12/09/2013
大運當頭 ,C139,GOLD WIN,Dice Roll,Showcasing,Schlague,PP,FR,4,11/03/2015
金錢炮 ,T022,GOLDEN CANNON,----,Danzero,Dance Hit,PPG,AUS,7,18/09/2011
金鼓齊鳴 ,B190,GOLDEN DASH,Golden Dash,Snitzel,Aussie Christmas,PPG,AUS,4,02/10/2014
金湶德 ,A427,GOLDEN EFFORT,Golden Effort,Reward For Effort,Coonac,PPG,AUS,4,05/09/2014
金碧科 ,B225,GOLDEN FOUR,Denman Hill,Denman,Gingerbread,PPG,AUS,4,27/08/2014
黃金元帥 ,A346,GOLDEN GENERAL,----,Foxwedge,Beautiful Reward,PPG,NZ,5,28/08/2013
金碧輝煌 ,T076,GOLDEN GLORY,Burgundian,Patapan,Victoria Bay,PP,NZ,8,08/09/2010
金童 ,V232,GOLDEN KID,One Life Live It,Holy Roman Emperor,Lacandona,PP,GB,7,13/04/2012
金剛石 ,C106,GOLDEN MISSION,----,Rock 'N' Pop,Aimee's Idol,PPG,NZ,3,23/10/2015
金鎗六十 ,C238,GOLDEN SIXTY,----,Medaglia d'Oro,Gaudeamus,PPG,AUS,3,14/10/2015
馬友寶寶 ,C085,GOLDEN TURBO,Golden Turbo,Best Choice,Crystal Baby,PPG,AUS,3,10/09/2015
金地飛客 ,V161,GOLDIE FLANKER,----,Rip Van Winkle,Showusyourpins,PPG,NZ,6,21/09/2012
健康美麗 ,B384,GOOD BEAUTY,Shallotti,Hard Spun,Lush Liaison,PP,AUS,4,26/08/2014
精選直前 ,V329,GOOD CHOICE AHEAD,----,Fastnet Rock,Amenixa,ISG,IRE,6,12/05/2013
你知我意 ,A052,GOOD COMPANION,----,Exceed And Excel,Dyna Slam,PPG,AUS,6,19/08/2012
開心日子 ,A333,GOOD DAYS,----,Artie Schiller,Vintage Rock,ISG,AUS,5,25/08/2013
好腳頭 ,S131,GOOD FIT,----,Encosta de Lago,Mrs Squillionaire,PPG,NZ,8,03/11/2010
好友益 ,T265,GOOD FOR YOU,----,Thorn Park,La Serenissime,PPG,NZ,6,23/09/2012
軍民歡 ,B208,GOOD OMEN,Good Omen,Holy Roman Emperor,Magic Nymph,PP,GB,5,10/04/2014
好簽 ,B043,GOOD PICK,One 'N' Go,Smart Missile,Sienna Gold,PPG,AUS,4,20/09/2014
跑得威 ,C127,GOOD RUNNERS WAY,----,Battle Paint,Ysa Post,PPG,NZ,4,14/10/2014
桃花旺 ,C364,GOOD SHOT,Confederacy,Swiss Ace,Nana Jean,PPG,NZ,4,01/11/2014
信心保證 ,B105,GOOD STANDING,Good Standing,Artie Schiller,Elahi,PP,AUS,5,05/10/2013
好好彩彩 ,B188,GOODLUCK GOODLUCK,----,Magic Albert,Luminous Harmony,PPG,AUS,4,23/10/2014
華麗再現 ,V326,GORGEOUS AGAIN,----,Fastnet Rock,Ocean Pearl,ISG,AUS,6,17/08/2012
豐彩皇 ,V118,GORGEOUS KING,Cape Clear Island,Fastnet Rock,Kushnarenkovo,PP,IRE,7,08/05/2012
爪皇轟天 ,A291,GOUTEN OF GARO,Percali,Per Incanto,Brookster,PPG,NZ,5,06/12/2013
慈愛恩典 ,C296,GRACEANDMERCY,Monks Hood,Querari,Amber Bouquet,PP,SAF,4,13/09/2014
盈華盛甲 ,A179,GRACIOUS RYDER,Deuces Are Wild,Tickets,Fleur de Lion,PPG,AUS,5,11/10/2013
智愛 ,A010,GRADE ONE,Manhattaning,Manhattan Rain,Zipanese,PPG,AUS,5,13/11/2013
大步走 ,V336,GRAN MASTER,----,Mastercraftsman,Opus Four,ISG,NZ,6,02/10/2012
勁揪 ,B111,GRAND CHANCELLOR,Grand Chancellor,Savabeel,Mont Fay,PP,NZ,5,09/09/2013
君悅灣 ,P421,GRAND HARBOUR,----,Savabeel,Haberdashery,PPG,NZ,8,16/11/2010
寶賢駒 ,C115,GRANDMA WIN,Ninetythreetwenty,Dragon Pulse,St Edith,PP,IRE,3,08/04/2016
嘉域騏 ,B110,GRATWICK,Gratwick,Reward For Effort,Kuda Cepat,PP,AUS,5,02/09/2013
一定中 ,C306,GREAT FIT,----,Highly Recommended,O'Right,PPG,NZ,3,13/12/2015
種福者 ,B390,GREAT HARVEST,----,Harbour Watch,Grojsman,PPG,AUS,3,24/09/2015
大將風彩 ,C290,GREAT RAINBOW DASH,----,Dark Angel,Sommerflora,PPG,GB,3,17/04/2016
志聰明 ,C319,GREAT SMART,The Founder,Fastnet Rock,Pear Tart,PP,AUS,3,09/09/2015
幸運大兄 ,A423,GREAT SON,----,Danerich,Fantastic Glen,PPG,AUS,4,02/11/2014
佳運來 ,T380,GREAT TREASURE,Haparanda,Husson,Russian Belle,PP,AUS,7,13/11/2011
大將風勝 ,B419,GREAT VICTORY,Monaco Avenue,Sebring,Fete Fille,PPG,AUS,3,14/09/2015
紅衣超勁 ,C393,GREATMOMENTS,Salento,Exceed And Excel,Our Golden Dream,PPG,AUS,2,30/09/2016
綠勇士 ,V126,GREEN CARD,Green Card,All American,Cristallo,PP,AUS,6,30/08/2012
綠色勁駒 ,V184,GREEN DISPATCH,War Dispatch,War Front,Photograph,PP,USA,7,19/02/2012
環保動力 ,A095,GREEN ENERGY,Vanderkemp,Rip Van Winkle,Medrano,PP,NZ,6,27/09/2012
果然友 ,C313,GREEN ENVY,----,Shamexpress,Comic Song,PPG,NZ,3,04/11/2015
環保時代 ,C355,GREEN GENERATION,----,Mastercraftsman,Kim Possible,PPG,NZ,4,02/11/2014
綠色有運 ,B413,GREEN LUCK,Green Luck,Street Cry,Damah Lady,PP,AUS,4,26/10/2014
綠色高山 ,C448,GREEN MOUNTAIN,Green Mountain,Street Cry,Berengaria,PP,AUS,4,12/09/2014
頌賞 ,B007,GUERDON HELMET,----,Helmet,Gathering Gold,PPG,AUS,4,29/10/2014
槍槍中 ,C092,GUN GUN WIN,Ransom Note,Star Witness,Extremis,PPG,AUS,4,21/10/2014
如真如假 ,C222,GUNNAR,I Am I Said,Hinchinbrook,Hot Diamond,PPG,AUS,3,21/08/2015
激賞 ,A377,GUNNISON,Gunnison,Not A Single Doubt,Colorado Claire,PP,AUS,4,21/08/2014
漫畫 ,C182,GUVNOR,Guvnor,Power,Royal Governess,PP,NZ,4,17/09/2014
喜佳龍 ,B377,GUY DRAGON,----,Dark Angel,Trip To The Moon,ISG,GB,4,22/04/2015
海南之星 ,B438,HAINAN STAR,----,Exceed And Excel,Patronyme,PPG,AUS,3,08/09/2015
多紅利 ,A215,HAIR TRIGGER,Hair Trigger,Smart Missile,Touch Of Greatness,PP,AUS,5,22/08/2013
艮志騰雲 ,B119,HANDSOME BO BO,----,Helmet,Sadler's Girl,PPG,AUS,4,03/09/2014
旋里多彩 ,B469,HANDSOME REBEL,Handsome Rebel,Denman,London Rebel,PP,AUS,3,24/08/2015
恆駿寶駒 ,T262,HANG'S DECISION,----,Postponed,Bislieri,PPG,NZ,7,15/09/2011
開心人生 ,C065,HAPPY ALUMNI,----,Starcraft,Attilia,PPG,AUS,3,08/10/2015
喜得威 ,C100,HAPPY BOYBOY,----,Husson,Leveller,PPG,NZ,3,29/10/2015
合作愉快 ,T392,HAPPY COOPERATION,----,Elusive City,Dolly Disaster,PPG,NZ,7,08/11/2011
合拍威龍 ,B099,HAPPY DRAGON,Yulong Xionghu,Raven's Pass,Mowazana,PP,GB,5,05/03/2014
家有喜事 ,C116,HAPPY FAMILY,Headway,Havana Gold,On Her Way,PP,GB,4,14/03/2015
再享耆成 ,B227,HAPPY FORCE,Force,Pierro,Hosiery,PPG,AUS,4,08/09/2014
快樂森林 ,C347,HAPPY FOREST,Not Usual Paradise,Tavistock,Pacific Paradise,PPG,NZ,3,22/09/2015
開心好玩 ,B316,HAPPY FUN,Darci de Luca,Darci Brahma,Mystery Creek,PP,NZ,5,19/10/2013
開心好友 ,B466,HAPPY GOOD GUYS,----,Zoustar,Sunday Chill,PPG,AUS,3,28/08/2015
好快樂 ,A365,HAPPY GUY,Undercover,Alamosa,Shy Belt,PP,NZ,5,03/11/2013
寶驫有盈 ,A348,HAPPY HAPPY,----,Rip Van Winkle,Molly Dear,PPG,NZ,5,30/09/2013
笑春風 ,A011,HAPPY HAPPY STAR,----,O'Reilly,Classy Fashion,PPG,AUS,5,01/10/2013
醉開心 ,B286,HAPPY HOUR,Notabadcraftsman,Mastercraftsman,Jolly Genie,PP,NZ,4,02/10/2014
開心計劃 ,C189,HAPPY PROJECT,----,Rock 'N' Pop,Bella Renza,PPG,NZ,3,07/08/2015
其樂無窮 ,S147,HAPPY ROCKY,----,Champs Elysees,Puzzling,PPG,GB,8,03/04/2011
悅裕 ,B189,HAPPY SEBRING,Admund Boy,Sebring,Here de Joy,PPG,AUS,4,15/11/2014
永常喜 ,V107,HAPPY SOUND,----,Thewayyouare,Striking Sneek,PPG,NZ,6,01/12/2012
快樂歡騰 ,B272,HAPPY TIME,Launch Code,Smart Missile,Dearness,PP,AUS,5,19/08/2013
快樂旅遊 ,B374,HAPPY TOUR,----,Snitzel,Good Weekend,ISG,AUS,4,08/10/2014
快樂凱旋 ,B195,HAPPY VICTORY,Not Usual Trip,Stryker,Fandanita,PP,AUS,4,09/08/2014
活力勇士 ,A313,HAPPY WARRIOR,----,More Than Ready,Zingaling,ISG,AUS,5,01/09/2013
寶得住 ,C125,HAPPY WIN WIN,Masucci,Zoffany,Meeting In Paris,PP,IRE,4,17/02/2015
樂飛勝 ,B450,HAPPY WINNER,----,Elusive Quality,Ighraa,ISG,GB,4,23/03/2015
歡喜心 ,A224,HAR HAR HEART,My Boy Dangerous,Myboycharlie,Dangerous Dancer,PPG,AUS,5,12/09/2013
香江穩勝 ,T254,HARBOUR ALERT,Harbour Alert,Alert,Miss Love,PP,AUS,7,21/08/2011
香江世億 ,A407,HARBOUR CENTURY,----,Pluck,Dream Leica,PPG,AUS,4,19/09/2014
英之友 ,A373,HARD PROMISE,Hard Promise,Hard Spun,Perfect Promise,PP,AUS,5,28/10/2013
南莊加好 ,C025,HARDLY SWEARS,Hardly Swears,All Too Hard,Sworn To Secrecy,PPG,AUS,4,23/10/2014
協勝神駒 ,B217,HARMONY HERO,Lina's Hero,Elvstroem,Cloanthy,PP,AUS,4,08/10/2014
協霸神駒 ,B405,HARMONY VICTORY,Cash Do Jaguarete,Public Purse,Flower Fest,PP,BRZ,4,03/09/2014
騰龍超影 ,T372,HARRIER JET,Harrier Jet,Dane Shadow,Borobodur,PP,AUS,7,05/09/2011
極速神驅 ,C009,HASTA LUEGO,----,I Am Invincible,Mariana Sunset,PPG,AUS,4,09/11/2014
同歡樂 ,B084,HAVE FUN TOGETHER,----,Thewayyouare,Black Beauty,PPG,NZ,4,10/11/2014
喜盈運 ,V337,HAY RUN,Automatic Choice,Delightful Choice,Missun,PP,AUS,6,12/10/2012
叫關健康 ,A064,HEALTHY LUCK,----,Written Tycoon,Schapelle,PPG,AUS,5,29/10/2013
叫關盈富 ,B482,HEALTHY TREASURE,----,Kodiac,Miss Neoki,PPG,GB,4,17/04/2015
頌友 ,N360,HEARTS KEEPER,----,Keeper,Mrs Zoff,PPG,NZ,9,10/09/2009
鴻圖巨星 ,C163,HEAVENLY THOUGHT,Heavenly Thought,So You Think,God Love It,PP,AUS,4,03/11/2014
陽剛武士 ,C328,HELAKU KNIGHT,Helaku,Written Tycoon,Summery,PP,AUS,3,02/11/2015
喜蓮彩星 ,A129,HELENE CHARISMA,Mont Ormel,Air Chief Marshal,Lidana,PP,FR,6,16/05/2013
喜蓮騏星 ,C165,HELENE LEADINGSTAR,Leicester,Wanted,Defy The Odds,PP,AUS,4,28/09/2014
美麗甜心 ,B410,HELLO BEAUTY,Fullazaboot,Sepoy,Fullazz,PP,AUS,3,13/10/2015
勇者勝 ,B010,HERO TIME,Rather Edgy,Mint Lane,Very Edgy,PPG,AUS,5,22/11/2013
勇駒 ,S260,HEROIC GURU,Heroic Guru,Gallant Guru,Enzed,PP,NZ,8,01/11/2010
志同道合 ,B287,HEZTHEWONFORUS,Hezthewonforus,Sufficient,Party Queen,PP,NZ,4,04/09/2014
宜春之福 ,C070,HIDDEN BLITZ,Hidden Affair,Equiano,Love Action,PP,GB,4,22/04/2015
執到笑 ,B130,HIDDEN SPIRIT,----,Alamosa,She's Assertive,PPG,NZ,4,09/09/2014
開心神駒 ,T200,HIGH FIVE,Copy Watch,Time Thief,Stand By Your Man,PP,AUS,7,03/10/2011
轉數高 ,C007,HIGH REV,Big Moon,Fastnet Rock,Invest,PPG,AUS,4,23/08/2014
勁有波幅 ,V081,HIGH VOLATILITY,The Barrister,Star Witness,Strikeline,PP,AUS,6,03/11/2012
勝利威龍 ,C292,HIGHLAND FORTUNE,Highland Fortune,Declaration Of War,Pan Dulce,PP,USA,3,23/03/2016
高陞 ,B454,HIGHRISE STAR,Parsival,Kallisto,Prakasa,ISG,GER,4,25/02/2015
手到回來 ,C001,HINCHINLOVE,Wild Heart,Hinchinbrook,Wildly Entertained,PP,AUS,4,09/09/2014
軒轅齊飛 ,V250,HINYUEN SWIFTNESS,One For One,Duke Of Marmalade,Stolen Girlfriend,PP,AUS,6,21/10/2012
可愛寶 ,T029,HO HO FEEL,----,Henrythenavigator,Minnie Deal,PPG,AUS,7,13/09/2011
好好瑪 ,B318,HO HO KHAN,Mulanchi,Makfi,China Choice,PP,NZ,4,28/11/2014
好利錢 ,A332,HOLEE MONEY,----,Master Of Design,Sparkling Symphony,ISG,AUS,5,07/09/2013
幸運神駒 ,V179,HOLY UNICORN,----,Holy Roman Emperor,Open Book,PPG,IRE,6,23/04/2013
家家樂園 ,C321,HOME GROUND,Home Ground,High Chaparral,First Look,PP,AUS,3,08/10/2015
財寶家駒 ,V101,HOME RUN,----,Hinchinbrook,Truly Kissed,PPG,AUS,6,25/09/2012
老實人 ,B200,HONEST WAY,----,Per Incanto,Our Foil,PPG,NZ,4,20/11/2014
天祿 ,C082,HONG KONG BET,Irish Bet,Smart Missile,Dublin Me Bet,PP,AUS,3,30/09/2015
跳出世界 ,C333,HONG KONG WIN,Lip Drop,Mossman,With Apologies,PPG,AUS,3,12/09/2015
加加友福 ,B063,HONG KONG'S FOLKS,Hong Kong's Folks,Hinchinbrook,Our Kitty,PPG,AUS,4,13/10/2014
旺蝦王 ,A299,HOT KING PRAWN,Join In,Denman,De Chorus,PPG,AUS,4,28/09/2014
黃山 ,C214,HUANGSHAN,Huangshan,Redoute's Choice,Majestic Girl,PP,AUS,4,06/10/2014
合進駒 ,A327,HUMBLE STEED,----,Kodiac,Singitta,ISG,IRE,5,26/03/2014
暴風俠 ,A123,HURRICANE HUNTER,----,Darci Brahma,Leigh Valley,PPG,NZ,5,08/10/2013
動力爆發 ,B240,I AM POWER,I Am Power,Power,Bridge Note,PP,IRE,4,31/01/2015
我𢥧意 ,C038,I DO,Professor White,So You Think,Redoutebelle,PPG,AUS,4,23/10/2014
餘皇 ,B155,I'M THE CONQUIST,Red Sabor,Bated Breath,Really Ransom,PP,GB,5,26/04/2014
舉世無雙 ,A310,IMPECCABLE FELLOW,----,Acclamation,Moment Juste,ISG,IRE,5,07/03/2014
威勢之寶 ,P425,IMPERIAL CONCORDE,Imperial Concorde,High Chaparral,Irish Style,PP,IRE,9,28/01/2010
勇冠王 ,T028,IMPERIAL GALLANTRY,----,Guillotine,Reflection,PPG,NZ,7,06/10/2011
無限驚喜 ,B477,INCREDIBLE,Zaha's Eye,Orpen,Leni Riefenstahl,PP,FR,4,29/03/2015
新界之星 ,A081,INDIGENOUS STAR,----,Exceed And Excel,Nandi,PPG,AUS,5,09/09/2013
勇闖者 ,A030,INFINITY ENDEAVOUR,Rock The Mamba,Fastnet Rock,Black Mamba,PPG,AUS,5,19/11/2013
翠龍 ,B156,INSAYSHABLE,Insayshable,Rajj,Imitation,PP,IRE,5,07/03/2014
真精采 ,C270,INTERSTELLAR,La Chambie,Magnus,Prospect Street,PP,AUS,3,22/09/2015
威力名城 ,A139,INTREPIC,Intrepic,Medaglia d'Oro,Across The Moon,PP,AUS,6,30/08/2012
投資旺 ,A424,INVESTOR BOOM,----,Foxwedge,Thebe,PPG,AUS,4,24/10/2014
最新鮮 ,T190,INVINCIBLE FRESH,Invincible Fresh,Footstepsinthesand,Princess Serena,PP,IRE,8,23/02/2011
聰明導彈 ,C037,INVINCIBLE MISSILE,Missile Program,Smart Missile,Phaedra,PPG,AUS,3,22/08/2015
福嘉旺旺 ,B302,IRISH VEGA,Irish Vega,Lope de Vega,Count Your Fingers,PP,AUS,4,28/09/2014
肥仔 ,V071,IRON BOY,Californian Man,California Dane,Carnebelle,PP,AUS,7,17/08/2011
彪形鐵漢 ,C012,IRON BRAVO,Flower Bridge,Magnus,Autumn Belle,PPG,AUS,4,24/09/2014
打鐵趁熱 ,C133,IRON KING,----,Ferlax,Gatestopper,PPG,NZ,3,23/10/2015
觀自在 ,S015,ISHVARA,----,Coats Choice,Asiana,PPG,NZ,8,05/10/2010
鼓浪威風 ,C088,ISLAND WINNER,----,Foxwedge,Iltizaam,PPG,AUS,3,27/10/2015
達道之星 ,C409,ITALO,----,O'Reilly,Iguazu's Girl,ISG,NZ,3,01/10/2015
天下為攻 ,A257,IVICTORY,Chile Green,Mossman,Inca Lagoon,PPG,AUS,5,04/09/2013
翡翠福星 ,V020,JADE FORTUNE,Showboy,Showcasing,Shades Of Silk,PP,NZ,6,15/08/2012
翡翠劇院 ,A040,JADE THEATRE,Gasoline,Pluck,Miguelita,PP,AUS,5,10/11/2013
綠野先駒 ,C302,JENERATOR,Speedkeeper,Keeper,Madame Rouge,PP,NZ,4,27/10/2014
尖子 ,C266,JIMMU,Jimmu,Dalakhani,Jambalaya,PP,GER,4,05/05/2015
漸信龍駒 ,C017,JIMSON THE DRAGON,Ignis,Smart Missile,Pyrography,PPG,AUS,4,17/08/2014
漸信名駒 ,T253,JIMSON THE FAMOUS,----,Yes It's True,Aucilla,PPG,USA,7,26/03/2012
迢迢千里 ,A329,JIN JIN KING,----,Holy Roman Emperor,Lapland,ISG,FR,5,24/02/2014
京京千里 ,V328,JING JING WIN,----,Starcraft,Top Cuban,ISG,AUS,6,02/10/2012
旌暉 ,V077,JOLLY BANNER,Wonder Kid,Lonhro,Valkyrie Diva,PP,AUS,7,29/09/2011
常豐裕 ,A266,JOLLY BOUNTIFUL,Handle Bars Down,Bullbars,Senorita Rosay,PPG,NZ,5,01/11/2013
大聚會 ,V293,JOLLY CONVERGENCE,Waipu Cove,Equiano,Langs Lash,PP,GB,6,29/04/2013
非常堅 ,T146,JOLLY GENE,Impulsive Moment,Galileo,Luas Line,PP,IRE,8,30/01/2011
盈嘉輝 ,C080,JOLLY HONOUR,Jolly Honour,Reliable Man,Vexed,PP,NZ,4,21/10/2014
榮彩大道 ,C340,JOY AVENUE,----,Echoes Of Heaven,Viking Angel,PPG,NZ,2,10/10/2016
開心大師 ,B222,JOY MASTER,Riasc,Rogano,Irish Hut,PP,AUS,4,23/10/2014
協力神駒 ,B364,JOYFUL CONTENDER,----,I Am Invincible,Zadiym,ISG,AUS,4,29/08/2014
歡樂家庭 ,B397,JOYFUL FAMILY,Invite Only,Excelebration,On The Loose,PP,AUS,4,21/09/2014
正本開心 ,C227,JOYFUL HEART,----,Smart Missile,Snowy World,PPG,AUS,3,07/09/2015
歡樂一生 ,T134,JOYFUL MOMENTS,Sequential Leader,Sequalo,Cheer Girl,PPG,AUS,7,15/10/2011
壯思飛 ,V110,JOYFUL TRINITY,Baghadur,Zanzibari,Bargouzine,PP,IRE,7,04/03/2012
永同歡欣 ,C232,JOYFUL UNION,Boss,Towkay,Eutrophy,PP,NZ,4,12/09/2014
荷花福星 ,C311,JUDY'S STAR,----,Sebring,Seeking Attention,PPG,AUS,2,29/10/2016
好友營 ,A369,JUMBO BUS,----,Iffraaj,Jabot,PPG,NZ,5,20/09/2013
同進 ,V315,JUMBO HAPPINESS,----,Fastnet Rock,Tashzara,ISG,GB,6,30/03/2013
真好彩 ,V068,JUMBO LUCK,----,Reward For Effort,Maid In Secret,PPG,AUS,6,23/09/2012
獎進 ,C283,JUMBO PRIZE,----,Your Song,White Diamonds,PPG,AUS,3,12/10/2015
君子精神 ,V274,JUNZI,Rebel Heart,Red Giant,Quality Dream,PPG,NZ,6,21/10/2012
軍力勁 ,B192,JUST NOT LISTENING,Just Not Listening,Star Witness,High Aspirations,PPG,AUS,4,10/09/2014
嘉喜旺 ,C421,KA FORTUNE,----,Farhh,Catchline,ISG,IRE,3,29/04/2016
嘉應風采 ,B115,KA YING BRILLIANCE,----,Canford Cliffs,Prayers'N'Promises,PPG,AUS,4,22/10/2014
嘉應傳奇 ,B234,KA YING LEGEND,Tan Creido,Hurricane Cat,Tancreda,PP,ARG,4,12/08/2014
嘉應精英 ,C240,KA YING MASTER,----,Snitzel,Make Me Dream,PPG,AUS,3,17/08/2015
嘉應之星 ,C198,KA YING STAR,Urban Aspect,Cityscape,Casual Glance,PP,GB,4,23/02/2015
超霸無敵 ,C256,KANBEKI MOLLY,----,Spirit Of Boom,Jessica's Hope,PPG,AUS,3,05/09/2015
一舖縱橫 ,B385,KASI FARASI,Kasi Farasi,Reward For Effort,Disturbingthepeace,PP,AUS,4,27/09/2014
堅飛飛 ,B186,KEEN FAY FAY,----,Helmet,Bleveeka,PPG,AUS,3,11/10/2015
勝利導航 ,A024,KEEN VENTURE,Tulsa,Sebring,Morning Dews,PP,AUS,6,01/09/2012
不忘初心 ,B231,KEEP GOING,Collecting Curency,Testa Rossa,Mosoru,PPG,AUS,4,10/08/2014
積極皇 ,A124,KEEP MOVING,----,Darci Brahma,Miss Raggedy Ann,PPG,NZ,5,13/10/2013
向前看 ,B331,KEEP WINNING,Hugin,Henrythenavigator,Silver Star,PP,IRE,5,05/02/2014
一代莊主 ,C419,KELMIMI WINS,----,Scat Daddy,Oxbow Lake,ISG,USA,3,24/04/2016
英勇大師 ,S212,KEY WITNESS,Fujimoto,Show A Heart,Jessepic,PPG,AUS,8,03/10/2010
龍騰摘星 ,A294,KHAKI,Khaki,Commands,Chameleon,PP,AUS,5,27/09/2013
勁精神 ,V181,KING GENKI,Toruk,Arcano,Celestina Agostino,PP,FR,7,20/02/2012
砂漿邦 ,A097,KING MORTAR,The Mob,Street Boss,Whisper Her Name,PP,AUS,5,13/09/2013
紅心傾 ,C145,KING OF HEARTS,Society Power,Society Rock,Yajala,PP,IRE,4,14/02/2015
勁無比 ,B034,KING OPIE,----,Ocean Park,Hope So,PPG,NZ,4,01/11/2014
皇圖 ,C123,KING PRINT,Expected,Intikhab,Andorra,PP,IRE,4,29/04/2015
王者再現 ,V156,KING'S MAN,----,Iffraaj,Ruqqaya,PPG,NZ,6,20/10/2012
皇帝賽 ,C249,KING'S RACE,----,Foxwedge,Smart Catch,PPG,AUS,3,13/09/2015
黃金甲 ,C071,KINGS SHIELD,Kings Shield,Scat Daddy,Gender Dance,PP,USA,4,22/01/2015
王者奇兵 ,C130,KING'S TROOPER,----,Denman,Alluring Belle,PPG,AUS,3,18/08/2015
勇霸神駒 ,T403,KINGSFIELD,Rom Baro,Time Thief,Gypsy Mai,PP,AUS,7,28/10/2011
奇真 ,T093,KIRAM,Kiram,Elusive City,King Luna,PP,FR,8,12/04/2011
功夫茶 ,C136,KUNG FU TEA,----,Shocking,Pristino,PPG,NZ,3,06/10/2015
龍戰士 ,C153,KUNGFUMASTER PANDA,Maths Prize,Royal Applause,Hypoteneuse,PP,GB,5,03/02/2014
葵涌精英 ,C173,KWAI CHUNG ELITE,Warrior Poet,Poet's Voice,Mighty Lion,PPG,AUS,3,07/10/2015
葵涌老友 ,A012,KWAICHUNG BROTHERS,Apache Arrow,Racer's Edge,Shezgonewest,PPG,AUS,6,29/09/2012
喜奔騰 ,B143,LA BOMBA,----,Time Thief,De Right Stuff,PPG,AUS,4,29/09/2014
愛馬劍 ,B013,LADY FIRST,Sidestep,Zacinto,Avoid,PP,NZ,5,24/10/2013
翠湖飛鷹 ,B391,LAKESHORE EAGLE,Mister Shiraz,Master Of Design,Rose Syrah,PPG,AUS,4,13/09/2014
提款機 ,V093,LAMAROSA,Lamarosa,Postponed,Coimbra,PP,NZ,6,14/09/2012
鋒芒快露 ,C417,LAND POWER,----,Siyouni,Vintage Red,ISG,GB,3,21/03/2016
老撾之光 ,C291,LAOS ENLIGHTENMENT,Power Of Now,Camacho,Meanwhile,PP,IRE,3,03/03/2016
興爾 ,B203,LAST KINGDOM,Last Kingdom,Frankel,Compelling,PP,USA,5,20/01/2014
長友之星 ,B251,LASTING FRIENDSHIP,Lasting Friendship,Commands,Loch Maryanne,PP,AUS,5,03/09/2013
大笑大少 ,P297,LAUGH OUT LOUD,Queneau,Casino Prince,Zazie,PP,AUS,9,24/10/2009
乘勝追擊 ,V369,LE PANACHE,Battle Pride,Acclamation,Heavens Peak,PP,IRE,6,15/05/2013
天地人 ,B403,LE TERROIR,----,Star Witness,Chichi Romero,PPG,AUS,3,28/08/2015
連連行運 ,C441,LEADING FORTUNE,Naadam,Siyouni,Nayara,PPG,FR,3,24/03/2016
精益大使 ,A250,LEAN AMBASSADOR,Archives,Helmet,Preserve,PP,AUS,5,18/09/2013
精益求精 ,B040,LEAN PERFECTION,----,Sebring,Suzy Rocks,PPG,AUS,4,24/09/2014
凌駕 ,C386,LEAP OF FAITH,----,Sebring,Steps In Time,PPG,AUS,2,28/09/2016
江山駿駒 ,C207,LEGENDARY HERO,Young Dandy,Dandy Man,Opera Comica,PPG,IRE,3,20/04/2016
印印腳 ,A277,LEISURED FEET,----,Savabeel,Quatro,PPG,NZ,5,04/11/2013
東山再起 ,B367,LET'S COME BACK,----,Acclamation,Se La Vie,ISG,IRE,4,04/03/2015
放眼量 ,A140,LET'S TAKE IT EASY,Loch Oir,Street Boss,Vogue Beauty,PP,AUS,5,28/08/2013
自由飛翔 ,T292,LETSGOFREE,----,Fast Company,Ramamara,PPG,IRE,7,16/02/2012
幸運健康 ,B177,LEVANTE,Levante,Sepoy,Follonica,PPG,AUS,4,07/09/2014
雷霆導彈 ,A281,LIGHTNING MISSILE,----,Smart Missile,Venetian Lady,PPG,AUS,5,11/09/2013
飛雲騅 ,B274,LIGHTNING STEED,Golden Deal,California Dane,Deal Or No Deal,PPG,AUS,4,11/10/2014
雷電寶 ,B259,LIGHTNING TREASURE,----,Swiss Ace,Authentic Desire,PPG,NZ,4,07/11/2014
赤兔寶駒 ,A115,LIMITLESS,Defrocked,Lope de Vega,Portelet,PP,IRE,6,28/02/2013
文藝學家 ,V183,LITTERATEUR,Meteoric,Lope de Vega,Lake Moon,PP,IRE,7,17/03/2012
小鳥敖翔 ,B069,LITTLE BIRD,----,Starcraft,Libor Lady,PPG,AUS,5,09/09/2013
小奇妙 ,T298,LITTLE FANTASY,Midnight Allure,Excites,Derrycarna,PP,AUS,7,13/09/2011
小福將 ,C096,LITTLE GENERAL,Juddmonte,Cape Blanco,Tuesday's Child,PPG,NZ,3,10/09/2015
小巨人 ,V342,LITTLE GIANT,Blackcrown,Swiss Ace,Princess Carolina,PP,NZ,6,01/11/2012
小島怡情 ,T390,LITTLE ISLAND,Midnitemagicman,Tavistock,Keep Alight,PP,NZ,7,04/10/2011
一路順風 ,C453,LITTLE THUNDER,Little Thunder,Hussonet,Smytzer's Thunder,PPG,AUS,3,27/10/2015
小威人 ,C217,LITTLE WISE MAN,Alamosa Kid,Alamosa,Young American,PPG,NZ,3,03/10/2015
利之喜 ,A405,LIVERBIRD STAR,----,Magnus,The Girlfriend,PPG,AUS,4,06/10/2014
馬友冠 ,C299,LOBO'S LEGEND,Lobo's Legend,Trippi,Gone Wild,PP,SAF,4,30/08/2014
同樂日 ,B087,LOCKHEED,Lockheed,Exceed And Excel,Clinical,PP,GB,5,24/01/2014
福多寶 ,B026,LONDON HALL,----,He's Remarkable,La Memoire,PPG,NZ,4,04/10/2014
旅英福星 ,C368,LONDON LUCKYSTAR,Frederickbarbarosa,Holy Roman Emperor,Midnight Partner,PP,IRE,3,17/04/2016
旅英公爵 ,T345,LONDON MASTER,----,Commands,Suzy Smart,ISG,AUS,7,12/09/2011
鑽飛鷹 ,B309,LONE EAGLE,Lone Eagle,Zoffany,Green Mirage,PP,AUS,4,10/10/2014
阿凡達 ,V123,LOOK ERAS,----,Dream Ahead,Arabian Art,PPG,IRE,6,16/04/2013
路路通 ,B256,LOOKING GOOD,----,Postponed,Are You Devious,PPG,NZ,4,28/09/2014
同盟力量 ,C036,LORIZ,----,Smart Missile,Negotiate,PPG,AUS,3,10/09/2015
麯院風荷 ,T112,LOTUS BREEZE,Ebanoran,Oasis Dream,Ebadiyla,PP,IRE,8,13/03/2011
中華壹號 ,T207,LOVE CHUNGHWA,Charter,Elusive City,Lucky Norwegian,PP,IRE,9,26/04/2010
年年旺 ,C122,LOVING A BOOM,Loving A Boom,Acclamation,Elektra Marino,PP,IRE,4,21/03/2015
小米周 ,T355,LUCKY GIRL,More Soccer,Onemorenomore,Bani Yas,PP,AUS,7,25/09/2011
老友威威 ,T349,LUCKY GUY,Next Day,Domesday,Tintoretto,PP,AUS,7,01/10/2011
力奇先鋒 ,B057,LUCKY HERO,Fiery Trail,Northern Meteor,Shared Reflections,PP,AUS,5,25/09/2013
永旺喜喜 ,A347,LUCKY LUCKY,Holiday Road,Murtajill,Lady Of Laredo,PPG,AUS,4,12/11/2014
祥光普照 ,A273,LUCKY SHINY DAY,----,Per Incanto,Zalass,PPG,NZ,4,20/11/2014
好運齊來 ,B124,LUCKY STORM,Lucky Storm,Red Arrow,Eurostorm,PPG,AUS,5,20/10/2013
鴻圖福星 ,C190,LUCKY THOUGHT,----,Savabeel,Schooner Bay,PPG,NZ,3,03/10/2015
幸運時代 ,A045,LUCKY TIME,----,Castledale,Gulfstream,PPG,NZ,6,12/09/2012
勇福星 ,B035,LUCKY WIN WIN,----,Ocean Park,On The Board,PPG,NZ,4,26/08/2014
旋風 ,C308,LUCKY WINDRIDER,----,Lope de Vega,Hearth,PPG,AUS,3,03/10/2015
霽月高風 ,V385,LUNAR ZEPHYR,Commanding Gema,Commands,Gemadaily,PPG,AUS,5,16/08/2013
雍容白荷 ,C818,LYS GRACIEUX,----,Heart's Cry,Liliside,VIS,JPN,5,18/01/2014
錢途再現 ,A046,M REBORN,----,Darci Brahma,Casual Chick,PPG,NZ,5,11/11/2013
駿皇綵 ,A170,MAGIC LEGEND,Hostwin Legend,Red Element,Trail Of Secrets,PP,AUS,5,06/09/2013
魔術家 ,C230,MAGIC MAN,Magic Man,Agnes Gold,Whatsmineisyours,PPG,BRZ,3,23/07/2015
馬到成功 ,B066,MAGIC SUCCESS,Magic Success,Magic Albert,Lagerphone,PPG,AUS,5,28/09/2013
情趣 ,V114,MAGNETISM,Al Bandar,Monsieur Bond,Midnight Mystique,PP,IRE,7,08/02/2012
盛大光輝 ,C121,MAGNIFICENT,Magnificent,Zebedee,Barathea Dancer,PP,GB,4,06/04/2015
惺惜犬馬 ,B301,MAHLER MOJO,Bastide,Judpot,Requista,PPG,SAF,3,28/08/2015
遨遊千里 ,C363,MAJESTIC CONQUEROR,----,Starspangledbanner,Gibraltar Range,PPG,AUS,4,21/11/2014
領闖者 ,A399,MAJESTIC ENDEAVOUR,Sacred Way,High Chaparral,Kylie's Way,PP,AUS,5,29/09/2013
管之星 ,B006,MANAGEMENT STAR,Brahman,Darci Brahma,Bella Rosalia,PPG,NZ,5,23/08/2013
航天勇將 ,V010,MANFUL STAR,----,Northern Meteor,Hint Of Glory,PPG,AUS,7,29/10/2011
天衣無縫 ,C261,MANNA FROM HEAVEN,Simpson,Dragon Pulse,Salydora,PP,IRE,4,12/05/2015
駿王 ,V423,MARQULA,Marqula,Coast Guard,Marquet Formula,PP,USA,6,02/05/2013
更好世界 ,C237,MARVELOUS WORLD,----,Hinchinbrook,Leyenda,PPG,AUS,3,22/10/2015
馬索爾 ,B094,MARZOUQ,Marzouq,Spring At Last,Smart 'n Special,PP,USA,5,14/02/2014
大龍騰 ,T381,MASSIVE MILLENNIUM,Vinnie Eagle,I Am Invincible,Sweet Maggie,PP,AUS,7,30/08/2011
大收成 ,T073,MASSIVE MOVE,Rhythmic Cat,Tale Of The Cat,Dance Move,PPG,AUS,8,28/08/2010
大紅包 ,B246,MASSIVE POCKET,Verstappen,Stratum,Sprung,PP,AUS,5,19/09/2013
大天龍 ,T339,MASSIVE POWER,----,Pins,Lucida,ISG,NZ,7,29/08/2011
馬功臣 ,A296,MASTER ALBERT,Albert Of Clonmel,Magic Albert,Kate Of Clonmel,PP,AUS,5,22/09/2013
神乎其技 ,A174,MASTER BERNINI,Master Bernini,Bernardini,Montaza,PPG,AUS,5,28/08/2013
八駿雄風 ,C449,MASTER GALAXY,Master Henry,Align,Stark Galaxy,PPG,NZ,3,16/11/2015
首飾大師 ,B148,MASTER JEWELLERY,----,Redoute's Choice,Sandy Girl,PPG,FR,4,27/03/2015
馬驕雄 ,B455,MASTER ROMAN,----,Holy Roman Emperor,Sojitzen,ISG,IRE,4,14/02/2015
好攻勢 ,C334,MASTERWORK,----,Nicconi,Betchapass,PPG,AUS,2,11/11/2016
連利 ,C104,MAX GLENEALY,----,Pins,Grande Ballare,PPG,NZ,3,26/08/2015
天賦威力 ,B335,MCMUNIGAL,McMunigal,Epaulette,Picture Of Lily,PP,IRE,4,26/02/2015
閃電王 ,V013,MCQUEEN,Mcqueen,Alamosa,Creil,PP,NZ,7,09/11/2011
無敵威龍 ,B443,MEDIC DRAGON,----,Kodiac,Lilium,ISG,IRE,4,13/01/2015
公証福將 ,A148,MEGA HEART,Oh Romeo,Foreplay,The Baroness,PP,AUS,6,08/11/2012
公証揚鳴 ,V078,MEGA RED,Grand Vintage,More Than Ready,Special Cuvee,PP,AUS,7,29/10/2011
佳運喜 ,A237,MEGA TREASURE,Grand Coalition,Kodiac,Defined Feature,PP,IRE,5,23/04/2014
威震天 ,V119,MEGATRON,Tailteann Games,Hard Spun,Fine Jade,PP,USA,7,29/04/2012
孖寶 ,C239,MEHBOOB,----,Snippetson,Comedy Express,PPG,AUS,3,15/09/2015
高耀智星 ,C067,MERIDIAN GENIUS,----,Unencumbered,More Than Pronto,PPG,AUS,3,06/11/2015
萬利高 ,V396,MERRYGOWIN,----,Castledale,Sweet Fascination,PPG,NZ,6,04/10/2012
好時機 ,B422,METRO WINNER,----,All Too Hard,Flavin,PPG,AUS,3,24/08/2015
萬霸駒 ,A186,MI BLANCO,----,Cape Blanco,Mi Centie,PPG,NZ,5,18/11/2013
彩福 ,T371,MIDNIGHT RATTLER,Midnight Rattler,Clang,Mezentseva,PP,AUS,7,10/11/2011
風雨駒 ,C376,MIG ENERGY,Mig Energy,Redoute's Choice,Hifalutin,PP,AUS,3,02/09/2015
神威敖翔 ,V150,MIGHTY MAVERICK,Mighty Maverick,Snitzel,Thunder Belle,PP,AUS,7,18/09/2011
金元寶馬 ,C094,MIGHTY POWER,Mighty Power,Power,Silvara,PP,NZ,4,21/10/2014
海鷹 ,C112,MIGHTY SEAHAWK,Esto Vir,Super Easy,Sparkling All Over,PPG,NZ,3,23/10/2015
醉翁意 ,C016,MISCHIEVOUS SUNDAE,----,Sebring,Elsewhere,PPG,AUS,3,19/10/2015
妙算達人 ,B224,MISSION TYCOON,Mission Tycoon,Written Tycoon,Lakemba Gold,PP,AUS,4,14/10/2014
劍聶風 ,A201,MISTER MONTE,Futura,Hussonet,Grantsville,PP,AUS,5,08/10/2013
實力飛駒 ,V138,MOMENT OF POWER,Moment Of Power,Exceed And Excel,Diamond Masque,PPG,AUS,6,07/09/2012
銀河飛馬 ,C275,MOMENTUM GALAXY,Momentum Factor,The Factor,Angel's Breath,PP,AUS,3,11/10/2015
乘勢歡心 ,C423,MOMENTUM HAPPY,----,Dubawi,Longing To Dance,ISG,GB,3,11/02/2016
財富超影 ,C392,MONEY BACK,Money Back,Street Boss,Revives,PP,AUS,3,27/11/2015
財帥 ,B134,MONEY MARSHAL,----,Iffraaj,Speedalot,PPG,NZ,4,15/09/2014
萬里威揚 ,A055,MONEY WINNER,----,Mastercraftsman,Just A Dream,PPG,NZ,6,11/10/2012
友盈有款 ,B182,MONEYMORE,Nick's Reward,Reward For Effort,Just Stunning,PP,AUS,4,05/10/2014
蒙古王 ,A098,MONGOLIAN KING,War Pig,Sufficient,Albacora,PP,NZ,6,03/10/2012
蒙古傳奇 ,B317,MONGOLIAN LEGEND,Mongolian Legend,Fastnet Rock,Purde,PP,AUS,5,07/11/2013
不羈的風 ,B271,MONICA,Geodude,Murtajill,Senorita de Lago,PP,AUS,5,26/11/2013
首飾大聖 ,B378,MONKEY JEWELLERY,----,Exceed And Excel,Panama,ISG,NZ,4,31/08/2014
勁加加 ,B319,MONSTER KAKA,Matchbreaker,Makfi,Pineau,PP,NZ,4,23/11/2014
滿地可 ,B338,MONTREAL,Montreal,Lonhro,Cirque Du Soleil,PP,AUS,5,22/08/2013
幸福笑容 ,C199,MORE THAN THIS,More Than This,Dutch Art,Striving,PP,GB,3,01/03/2016
紅衣優駿 ,A039,MORETHANLUCKY,Morethanlucky,Per Incanto,Viking Angel,PP,NZ,5,12/10/2013
最驫 ,A022,MOST BEAUTIFUL,London Line,Blackfriars,Line Of Flight,PP,AUS,6,12/09/2012
燦若明霞 ,B474,MOTHER WISHES,----,Jimmy Choux,Hey Pretty Katie,PPG,NZ,3,27/08/2015
嘜誰嘜誰 ,C323,MR ALDAN,Hopes Eternal,Jet Spur,Besame Mucho,PP,AUS,3,13/10/2015
牛角仔 ,C234,MR CROISSANT,----,Darci Brahma,Surreptitiously,PPG,NZ,3,30/08/2015
得先生 ,C032,MR DARTHVEGAR,Full Term,Lope de Vega,She's Due,PPG,AUS,4,07/09/2014
真先生 ,S253,MR GENUINE,Exogenesis,Dark Angel,Secret Key,PP,IRE,8,25/04/2011
亮先生 ,B179,MR LUMIERES,Zakynthos Regrets,Congrats,Zakynthos Star,PP,AUS,5,22/08/2013
探險家 ,C008,MR MAGELLAN,----,Hinchinbrook,Sister Madrid,PPG,AUS,3,26/10/2015
索先生 ,T330,MR PICASSO,----,Exceed And Excel,County Mayo,ISG,AUS,6,09/08/2012
威先生 ,T334,MR RIGHT,----,Statue Of Liberty,Prompt,ISG,AUS,7,29/08/2011
邊個邊個 ,B412,MR SO AND SO,Mr So And So,So You Think,Danesty,PP,AUS,4,21/10/2014
紅衣醒神 ,V153,MR STUNNING,----,Exceed And Excel,With Fervour,PPG,AUS,6,17/10/2012
發財先生 ,B265,MR WEALTH,Moolazim,Tamayuz,Empire Rose,PP,GB,5,28/03/2014
萬事醒 ,A204,MULTIGOGO,Twilight Fantasy,Drumbeats,Lights Off,PPG,AUS,5,24/08/2013
萬事欣 ,T129,MULTIMAX,Magical Jester,Court Command,Fairy Tree,PPG,AUS,7,24/09/2011
萬事叻 ,C022,MULTIMILLION,Radiant Ruler,Tycoon Ruler,Get A Life,PPG,AUS,4,30/10/2014
其利斷金 ,B426,MURRAY'S PARTNERS,----,Towkay,Taatyana,PPG,NZ,3,05/11/2015
擁抱所愛 ,B308,MUSIC ADDITION,Music Addition,Your Song,Quality Coup,PP,AUS,4,03/09/2014
聚歡笑 ,T282,MUTUAL JOY,----,Snitzel,Trois Couleurs,PPG,AUS,6,02/09/2012
劍追風 ,B261,MY ALLY,Empire Of The Star,Siyouni,Etoile Nocturne,PP,FR,5,12/04/2014
棗棗幸運 ,A420,MY BEGINNER'S LUCK,Tornadic,Starcraft,Flowerchild,PP,AUS,5,26/09/2013
友風子雨 ,B214,MY CHANCE,Commander Grigio,Holy Roman Emperor,Many Hearts,PP,IRE,4,07/04/2015
劍斷浪 ,V142,MY DARLING,Caifu,Mossman,Syrian Bride,PPG,AUS,6,29/10/2012
劍追聲 ,B445,MY DEAR,Accensus,Soldier Hollow,Astilbe,ISG,GER,4,05/05/2015
愛凡達 ,C187,MY FAMILY,----,Jimmy Choux,Set,PPG,NZ,3,17/10/2015
叫座力 ,B267,MY POWER,Eire Rock,Most Improved,Sparkling Rock,PP,IRE,4,16/03/2015
帶榮來 ,B197,MY WINNER,----,Denman,Kiss And Cuddle,PPG,AUS,4,25/09/2014
肥仔威威 ,B366,NABOO STAR,----,Casino Prince,Private,ISG,AUS,4,05/11/2014
純美化身 ,C825,NAC VENUS,----,Daiwa Major,Ready To Please,VIS,JPN,6,11/03/2013
南莊加寶 ,B048,NAMJONG PLUS,Dream Big,Zacinto,Volkara,PPG,NZ,5,12/11/2013
勁皇子 ,V143,NASHASHUK,----,Northern Meteor,Kiss 'N Chase,PPG,AUS,6,23/09/2012
薪勇 ,A340,NATURAL FLARE,Natural Smart,Smart Missile,Porschalaine,PPG,AUS,4,18/10/2014
四千金 ,V362,NAVAS,Crowley,Written Tycoon,Whinewomen'N'song,PP,AUS,6,26/08/2012
越跑越好 ,T140,NEVER BETTER,----,Red Giant,Sweet Vibes,PPG,NZ,7,01/09/2011
一片光明 ,T268,NEW ASIA SUNRISE,----,Written Tycoon,Karedane,PPG,AUS,6,30/10/2012
新動感 ,C033,NEW DYNAMIC,Jorgensen,Poet's Voice,Distinctive Dane,PPG,AUS,3,02/10/2015
大眾精英 ,A416,NEW ELEGANCE,New Elegance,High Chaparral,Karmann Ghia,PP,NZ,6,26/08/2012
四通八達 ,C024,NICCONI EXPRESS,Weona Nicconi,Nicconi,Rhandara,PP,NZ,4,21/09/2014
自由旺 ,A209,NICE FANDANGO,Gallant Effort,Reward For Effort,Charmed Lady,PPG,AUS,5,09/09/2013
旋風腿 ,B002,NICE KICK,Anaborealis,Anacheeva,Aurora's Hot,PPG,AUS,5,11/11/2013
爪皇烈焰 ,T353,NITRO EXPRESS,Alderaanian,Nadeem,Princess Laya,PP,AUS,7,12/08/2011
魅力知寶 ,V324,NOBLE DE LOVE,----,Commands,Terrenora,ISG,AUS,6,05/09/2012
魅力星星 ,B199,NOBLE DELIGHT,----,Jimmy Choux,Set,PPG,NZ,4,15/09/2014
魅力漢子 ,C412,NOBLE MAN,----,Exceed And Excel,So Tempted,ISG,AUS,3,15/08/2015
威進駒 ,A326,NOBLE STEED,----,Street Cry,Extension Of Time,ISG,AUS,5,04/10/2013
雪戰神駒 ,B371,NORDIC WARRIOR,----,Dutch Art,Girl Power,ISG,IRE,4,22/03/2015
北方快車 ,B481,NORTHERN EXPRESS,----,Fastnet Rock,Bayargal,PPG,FR,4,12/02/2015
雪霸神駒 ,C073,NORTHERN SUPERSTAR,Edict Of Nantes,Count Dubois,Pagan Dance,PP,SAF,5,12/10/2013
非凡才子 ,C095,NOT USUAL TALENT,Not Usual Talent,Zacinto,Compact Pussycat,PP,NZ,4,27/10/2014
當家精選 ,V388,NOTHINGILIKEMORE,Nothingilikemore,Husson,Katisam,PPG,AUS,5,03/10/2013
冰糖葫蘆 ,A244,NUCLEAR POWER,Nuclear Power,Equiano,Miss Rimex,PP,GB,5,16/03/2014
雙節棍 ,C357,NUNCHUKS,----,O'Reilly,Mama's Choice,PPG,NZ,4,16/08/2014
樂盈盈 ,C369,NUREMBERG,Nuremberg,War Command,Mackenzie's Friend,PP,IRE,3,23/02/2016
威力琦 ,C155,OLD HAVANA,Old Havana,Havana Gold,Karjera,PPG,IRE,4,02/02/2015
優達星 ,C356,ON EXCEL STAR,----,Niagara,Vuela,PPG,NZ,3,21/09/2015
坪山新星 ,C242,ONE STEP AHEAD,----,Tavistock,Leesing,PPG,NZ,3,30/09/2015
陽明酷酷 ,C259,OOGA CHAKA,Eljayeff,Bungle Inthejungle,Amazing Win,PP,IRE,3,04/05/2016
快樂魔王 ,A197,OPEN HOUSE,Open House,Vocalised,Christinas Letter,PP,IRE,6,11/03/2013
傲巴 ,C344,OPPA,----,Pins,Speeding,PPG,NZ,3,06/09/2015
神州俊馬 ,A282,ORIENTAL ELITE,----,Star Witness,Bail Out,PPG,AUS,5,01/09/2013
追風追月 ,V355,ORIONIDS,Orionids,Dylan Thomas,Sky Alert,PP,AUS,6,21/09/2012
哥哥仔 ,V074,OTOUTO,Libidosun,Haradasun,Libor Lady,PP,AUS,6,25/09/2012
綠駿精英 ,B448,OUR GREEN,----,Shamardal,Light And Airy,ISG,FR,4,25/04/2015
賞面 ,S324,OUR HONOUR,Ratcat,Purrealist,Gemstone Peak,PPG,AUS,8,11/10/2010
超額認購 ,C361,OVERSUBSCRIBED,----,Reward For Effort,Underfoot,PPG,AUS,3,16/10/2015
馬主星輝 ,B427,OWNERS' STAR,Iconic Sunset,Farhh,Manila Bay,PP,GB,4,19/03/2015
包裝騎士 ,T230,PACKING DRAGON,----,Mastercraftsman,Golden Gamble,PPG,NZ,7,29/10/2011
包裝時代 ,C276,PACKING ROCKSTAR,----,Fastnet Rock,Anabandana,PPG,AUS,3,26/09/2015
包裝才子 ,C069,PACKING WARRIOR,Not Mine,Dabirsim,Next Holy,PP,GER,4,20/03/2015
必定掂 ,A107,PADDINGTON,Stickemupsteve,Wanted,Emma Princess,PPG,AUS,5,20/09/2013
巴基之友 ,B370,PAKISTAN FRIEND,----,Not A Single Doubt,Heaven Beneath,ISG,AUS,4,26/09/2014
巴基之星 ,V325,PAKISTAN STAR,----,Shamardal,Nina Celebre,ISG,GER,6,02/03/2013
帶來精彩 ,C404,PARTY ACES,----,Big Bad Bob,Kitoko,ISG,IRE,3,21/02/2016
天天精彩 ,C414,PARTY EVERYDAY,----,Snitzel,Scarlett Lady,ISG,AUS,3,30/09/2015
共創歡樂 ,C210,PARTY TOGETHER,Summer Festival,Poet's Voice,Kammaan,PP,GB,4,16/04/2015
錶之寶寶 ,B303,PATCH BABY,Star Of Africa,More Than Ready,Rock Of Fortune,PP,AUS,4,30/08/2014
大地和平 ,S254,PEACE ON EARTH,Treadstone,Myboycharlie,Lilli Marlane,PP,GB,8,17/02/2011
珍珠鳳凰 ,B201,PEARL CHAMPION,----,Rip Van Winkle,One Nite Stand,PPG,NZ,4,19/10/2014
金碧光芒 ,T431,PEARL FURU,Furuvik,Fully Fledged,I'llthinkaboutit,PP,NZ,7,27/11/2011
飛騰之星 ,B324,PEGASUS ELITE,----,Starcraft,Zeparty,PPG,AUS,4,25/08/2014
本事 ,A272,PENZANCE,----,Pentire,Zablonde,PPG,NZ,5,15/11/2013
人民武士 ,T305,PEOPLE'S KNIGHT,----,Exceed And Excel,Allegra,PPG,AUS,6,22/10/2012
開心兄弟 ,B408,PERFECT BUDDY,Eisemann,Commands,Irish Dream,PP,AUS,4,16/10/2014
開心再現 ,A216,PERFECT CHOICE,So Miraggio,Snippetson,Green Mirage,PP,AUS,6,28/08/2012
精彩輝煌 ,B411,PERFECT GLORY,Spellology,Snitzel,Crevice,PP,AUS,4,15/08/2014
最合拍 ,B393,PERFECT MATCH,Sharp Hunter,Not A Single Doubt,Modave,PPG,AUS,3,09/11/2015
天生一對 ,C027,PERFECT PAIR,Niigata Takada,Darci Brahma,Minori Express,PPG,NZ,4,08/11/2014
精彩飛動 ,B095,PERFECT TO PLAY,Born To Play,Born To Sea,Centreofattention,PP,IRE,5,25/02/2014
首賞 ,C255,PHENOMENAL,----,Rip Van Winkle,Negotiate,PPG,NZ,3,15/10/2015
上簽 ,B021,PICK NUMBER ONE,----,Darci Brahma,Extra Explosive,PPG,NZ,4,27/08/2014
智力寶 ,B311,PICKEN,Picken,Duporth,Baby Boom,PPG,AUS,4,30/09/2014
比卡超 ,S298,PIKACHU,Pikachu,Keeper,Mumtaz,PP,NZ,8,23/10/2010
平海歡星 ,C377,PING HAI GALAXY,Silverlink,The Factor,De Lago Flash,PP,AUS,3,07/11/2015
平海福星 ,A375,PING HAI STAR,Ted,Nom Du Jeu,Vicky,PP,NZ,5,06/11/2013
平海飛星 ,B407,PING HAI TREASURE,Learning To Fly,Oasis Dream,Astronomy Domine,PP,IRE,4,15/04/2015
平湖之星 ,A262,PINGWU SPARK,Masterhorseman,Mastercraftsman,Sharp Point,PP,NZ,6,03/11/2012
紅旗福星 ,B417,PLANET NICCONI,----,Nicconi,Dazzling Rose,PPG,AUS,3,08/10/2015
紅旗星將 ,A049,PLANET STAR,----,Denman,Tell Someone,PPG,AUS,5,05/11/2013
玩到贏 ,B468,PLAY TO WIN,Baxstreetboy,Burgundy,Strictly Time,PP,NZ,4,01/09/2014
藍海策略 ,A411,PLAY WISE,Hessdalen,Alamosa,Grey Swan,PP,NZ,5,29/09/2013
娛樂大少 ,B060,PLEASANT GUY,----,Foxwedge,Senorita Dane,PPG,AUS,4,19/09/2014
塑料喜 ,T326,POLYMER LUCK,----,Pins,Savamour,ISG,NZ,6,25/08/2012
勁跑王 ,C420,POWER KING,----,Written Tycoon,Octangle,ISG,AUS,3,20/10/2015
捉金喜 ,B459,POWER RACER,Power Racer,Choisir,Horkins Nancy,PPG,AUS,3,27/09/2015
問鼎高峰 ,A009,POWERMAX,Powermax,Magnus,Gypsy Marauder,PPG,AUS,6,02/09/2012
騰龍駒 ,B349,PRANCE DRAGON,Dragon,Power,Wanaka,PP,NZ,4,11/09/2014
哈蝦王旺 ,B381,PRAWN YEAH YEAH,----,Commands,Alamantra,ISG,NZ,4,13/10/2014
萬年密蠟 ,C052,PRECIOUS AMBER,----,Maxios,Bernsteinkuste,PPG,IRE,4,06/04/2015
寶盈快車 ,C126,PRECIOUS EXPRESS,Xbox,Niagara,Boxapins,PP,NZ,4,06/09/2014
無價寶 ,B254,PRECIOUS SWEETIE,----,Fastnet Rock,Everswindell,PPG,AUS,4,11/10/2014
友誼至好 ,C050,PRECIOUSSHIP,Riyazan,Iffraaj,Riyaba,PP,IRE,4,19/03/2015
首映 ,A051,PREMIERE,----,Dylan Thomas,More Than Sum,PPG,NZ,5,05/11/2013
總統之星 ,C170,PRESIDENT STAR,President Legend,Dundeel,Exotic Escape,PPG,AUS,3,23/08/2015
靚紫荊 ,A135,PRETTY BAUHINIA,Karpacz,Danzero,Li'l Miss Hayley,PP,AUS,6,21/09/2012
和諧小子 ,V012,PRINCE HARMONY,Milstead,Strategic,Bedizened,PPG,AUS,6,14/08/2012
路路之星 ,C031,PRINCE OF GEMS,Prince Of Gems,I Am Invincible,Rivers Secret,PPG,AUS,4,11/08/2014
利害了 ,C367,PRIVATE ROCKET,Private Rocket,Dark Angel,Love In The Desert,PP,IRE,3,09/02/2016
連連精綵 ,C397,PROMINENCE,Faro Angel,Dark Angel,Rougette,PP,IRE,3,04/05/2016
心所欲 ,B017,PROMISE KEPT,----,Casino Prince,Outlook To Success,PPG,AUS,5,20/08/2013
火天大有 ,V406,PROUD SKY,Clear Cut,Acclamation,Claiomh Solais,PP,GB,6,01/03/2013
合衷共濟 ,B250,QUADRUPLE DOUBLE,----,Zoustar,Jessica Rose,PPG,AUS,3,10/10/2015
競技勇士 ,B285,RACING FIGHTER,As You Will,Mastercraftsman,Comme Tu Veux,PP,NZ,4,04/11/2014
福威勝 ,B223,RACING LUCK,Street Pursuit,Street Cry,Flying Success,PP,AUS,5,19/09/2013
旺財生暉 ,S418,RADIANT BUNNY,Sovereign Son,Tycoon Ruler,Get A Life,PP,AUS,7,26/08/2011
精算閃擊 ,B147,RAGING BLITZKRIEG,Ajmal,Shamardal,Adja,PP,IRE,5,28/03/2014
精算風暴 ,B173,RAGING STORM,----,Fastnet Rock,Carry On Cutie,PPG,AUS,4,20/09/2014
雷超 ,V414,RAICHU,Raichu,Lope de Vega,Joy In Winning,PP,AUS,6,25/10/2012
大籐王 ,A061,RATTAN,----,Savabeel,Grand Princess,PPG,NZ,5,16/10/2013
金剛仔 ,S146,RAZOR QUEST,Razor Quest,Virtual,Takarna,PP,GB,8,14/02/2011
真趣 ,C286,REALISM,Raid,Havana Gold,Remarkable Story,PP,IRE,4,13/03/2015
紅磚勇士 ,C304,RED BRICK FIGHTER,----,Artie Schiller,Tarlaquena,PPG,AUS,3,30/10/2015
紅運大師 ,C287,RED DESERT,Catan,Oasis Dream,Capichera,PP,GER,3,20/02/2016
紅麗舍 ,A005,RED ELYSEES,----,Champs Elysees,Red Boots,PPG,GB,6,18/02/2013
火麒麟 ,T052,RED KYLIN,Blurred Vision,Royal Applause,Sparkling Eyes,PP,GB,8,23/04/2011
紅運戰士 ,B355,RED WARRIOR,Rusper,Holy Roman Emperor,Sweet Dreams Baby,PP,IRE,4,16/03/2015
勞動創造 ,C138,REEL BIZZY,Reel Bizzy,Kodiac,Damask,PP,IRE,3,04/03/2016
得意 ,C174,REEVE'S MUNTJAC,----,Redoute's Choice,Ailalea,PPG,AUS,3,29/08/2015
新強勇駿 ,B065,REFINED TREASURE,----,Lope de Vega,Spyglass Hill,PPG,AUS,4,27/08/2014
帝豪寶寶 ,A050,REGENCY BO BO,----,Denman,Tsukioka,PPG,NZ,5,14/08/2013
帝豪寶貝 ,T138,REGENCY DARLING,----,Guillotine,Alleyrun,PPG,NZ,7,30/10/2011
帝豪寶駒 ,C035,REGENCY GEM,Gibson,Showcasing,The Myth,PPG,NZ,4,08/10/2014
帝豪福星 ,B348,REGENCY LEGEND,Espumoso,Pins,Sparkling,PP,NZ,3,24/08/2015
承你所願 ,A178,RELENTLESS ME,A Torch Of Frost,Statue Of Liberty,Snow Flight,PPG,AUS,5,14/09/2013
精神威 ,C345,RELIABLE TEAM,Monopolize,Reliable Man,Stella Doro,PPG,NZ,3,29/10/2015
架勢 ,A222,REMARKABLE,----,More Than Ready,Jujube,PPG,AUS,5,05/09/2013
駿馬輝煌 ,C053,REWARDING SHINE,----,Xtension,Subtle Affair,PPG,IRE,3,02/04/2016
發財福星 ,C413,RICH AND LUCKY,----,Kingman,Don't Forget Faith,ISG,GB,3,09/03/2016
銀城福星 ,V088,RICHCITY FORTUNE,Lope Too,Lope de Vega,Dancescape,PPG,AUS,6,27/09/2012
英明神駒 ,V046,RICKFIELD,Ashlan,Dansili,Ashalanda,PP,FR,7,08/04/2012
繽紛遊戲 ,C013,RIGHT CHOICE,Kispet,Mastercraftsman,Grand Belt,PPG,NZ,4,02/11/2014
贏科超影 ,A164,RIGHT HONOURABLE,Right Honourable,Famous Name,Agnetha,PP,IRE,5,02/03/2014
大道至正 ,C197,RIGHTEOUS DOCTRINE,Infernal Majesty,Siyouni,Healing Dream,PP,FR,4,12/05/2015
鑽飾神聖 ,A419,RIGHTEOUS MATE,Righteous Mate,Savabeel,Mill Duckie,PP,NZ,5,13/10/2013
跳出香港 ,A238,RISE HIGH,Landfall,Myboycharlie,Lana Girl,PP,FR,5,09/02/2014
喜裝寶 ,B088,RIVET,Rivet,Fastnet Rock,Starship,PP,IRE,5,03/04/2014
樂多福 ,A208,ROCHFORD,Rochford,Red Element,Bokissa,PPG,AUS,5,18/08/2013
非同凡響 ,B242,ROCKAGE,----,Society Rock,Box Of Frogs,PPG,IRE,4,16/04/2015
火箭活力 ,A322,ROCKET GO,----,Fastnet Rock,Allez France,ISG,AUS,5,20/10/2013
火箭駒 ,A214,ROCKETEER,Rocketeer,Smart Missile,Some Girls Do,PP,AUS,5,23/10/2013
軍炮 ,V371,ROMAN IMPERO,Roman Impero,Holy Roman Emperor,Diksie Dancer,PP,GB,6,06/05/2013
幸運飛駒 ,A092,ROMAN ODYSSEY,Roman Odyssey,Holy Roman Emperor,Rule The Waves,PP,AUS,7,09/09/2011
銀照收 ,B344,ROMANTIC BONANZA,Graffiti Boy,Savabeel,Glam Slam,PPG,NZ,3,23/08/2015
浪漫鐵人 ,B368,ROMANTIC CHEF,----,Savabeel,Ocean Of Tears,ISG,NZ,4,16/11/2014
醒目快駒 ,B107,ROMANTIC JOURNEY,Kunming,More Than Ready,Perfect Truth,PP,AUS,5,15/09/2013
醒目名駒 ,S393,ROMANTIC TOUCH,Romantic Touch,Northern Meteor,Dearness,PP,AUS,8,20/10/2010
生力軍 ,A384,ROOKIE STAR,Impossible Choice,Hard Spun,Tango's Choice,PPG,AUS,5,14/10/2013
飛星凱旋 ,T352,ROUNDABOUT,Roundabout,I Am Invincible,Fidele,PP,AUS,7,09/11/2011
皇家魅力 ,A356,ROYAL CHOCOLATE,Royal Chocolate,So You Think,Matter,PPG,AUS,5,13/10/2013
好客本色 ,A261,ROYAL MOJITO,Royal Mojito,Darci Brahma,Lava Lady,PP,NZ,5,27/08/2013
皇者勝利 ,V405,ROYAL PERFORMER,Turn Tide,Medicean,Quadri,PP,GB,6,18/04/2013
皇帝詔令 ,B061,ROYAL PREROGATIVE,Royal Prerogative,Haradasun,Marquise Royale,PPG,AUS,5,15/09/2013
捉金皇 ,B460,ROYAL RACER,Mucho Oro,Dreamscape,Ice Cold Crownie,PPG,AUS,3,26/08/2015
金如意 ,A172,RULE THEE,Golden Coin,Tavistock,Dantessa,PP,NZ,6,01/11/2012
兵貴神速 ,B299,RULETHEROOST,----,Redoute's Choice,Navajo Queen,PPG,GER,4,01/01/2015
心思熟慮 ,V086,RUMINARE,Super Mysterious,Fastnet Rock,Dakota Sue,PPG,AUS,6,15/10/2012
美麗寶駒 ,C221,RUN BEAUTY RUN,----,Fiorente,Cherish Harmony,PPG,AUS,3,20/11/2015
樂無極 ,B277,RUN MOOCHI,Charlie Spirit,Myboycharlie,Blue Fairy Wren,PPG,AUS,4,07/10/2014
佳騰駒 ,B160,RUTHVEN,Ruthven,Domesday,Ruddigore,PP,AUS,5,02/09/2013
白鷺飛翔 ,A127,SACRED IBIS,----,O'Reilly,Flutter,PPG,NZ,5,12/10/2013
赤火神龍 ,A350,SALTO OLIMPICO,Salto Olimpico,Holy Roman Emperor,Sarada,PP,BRZ,5,17/09/2013
深愛 ,A088,SAM'S LOVE,----,Smart Missile,Dashie Diva,PPG,AUS,5,30/10/2013
力王 ,A065,SANGRIA,Money Maker,American Post,Noozhah,PP,SPA,6,27/02/2013
聖雅勒徑 ,C822,SANTA ANA LANE,----,Lope de Vega,Fast Fleet,VIS,AUS,6,11/09/2012
守正用奇 ,C196,SARRI,Stable Genius,Siyouni,Anjella,PP,FR,4,30/04/2015
樂滿家 ,A293,SAUL'S SPECIAL,Saul's Special,Charge Forward,Cortina Gal,PP,AUS,5,20/08/2013
港林福星 ,A307,SAVANNAH WIND,----,Savabeel,Now The World,ISG,NZ,5,18/10/2013
七寶 ,B314,SAVVY SEVEN,----,Sebring,Sensibility,PPG,AUS,3,09/09/2015
陸寶 ,B153,SAVVY SIX,Rosenpurpur,Pour Moi,Rosenreihe,PP,GER,5,04/04/2014
四季旺 ,V410,SEASONS BLOOM,Le Capitaine,Captain Sonador,Pyramisa's Lass,PP,AUS,6,14/09/2012
紫菜福星 ,C440,SEAWEED FORTUNE,----,Tavistock,Times Remembered,PPG,NZ,3,06/10/2015
旺旺龍 ,C294,SEERITE DRAGON,Seerite,Curved Ball,Damascus Charmer,PP,SAF,4,08/09/2014
天地同心 ,B030,SEIZE THE SPIRIT,----,Mastercraftsman,Royal Ambition,PPG,NZ,4,08/10/2014
帆哥兒 ,B089,SEVEN HEAVENS,Seven Heavens,Frankel,Heaven Sent,PP,GB,5,21/05/2014
七十七十 ,B191,SEVENTY SEVENTY,Hygge,Squamosa,Danish Princess,PPG,AUS,4,19/09/2014
御風超影 ,C268,SHADOW BREAKER,Onethirtee,Excelebration,Kramer Drive,PPG,IRE,3,12/04/2016
喜勝駒 ,B167,SHAMPORT,Shamport,Shamardal,Port Providence,PP,AUS,4,04/09/2014
幸運精選 ,B114,SHANGHAI DRAGON,Shanghai Dragon,All Too Hard,Miss Tizzy,PPG,AUS,4,01/09/2014
上海大師 ,A337,SHANGHAI MASTER,Lusaha,More Than Ready,Rose Of Hallowell,PP,AUS,5,27/09/2013
金銀城 ,C279,SHANGHAI RUSKY,Shanghai Rusky,Sizzling,Really Flying,PPG,AUS,3,27/08/2015
家家發 ,C200,SHARP STYLE,Sharp Style,Style Vendome,Sloane de Borepair,PP,FR,4,07/04/2015
瑩之光 ,B080,SHIMMER AND SHINE,----,Showcasing,Princess Amidala,PPG,NZ,4,10/10/2014
輝煌巨星 ,C046,SHINEALOT,Shim,Siyouni,Doubrovska,PPG,FR,4,12/01/2015
明駿之星 ,C229,SHINING ACE,Todaro,Testa Rossa,Dance Idol,PPG,AUS,3,29/09/2015
陽明賞賞 ,B297,SHINING BRIGHT,----,Zacinto,Muffin Coup,PPG,NZ,4,16/11/2014
英之星 ,C058,SHINING GEM,Run Naan,Makfi,Raneen,PP,AUS,3,08/09/2015
陽明亮亮 ,A359,SHINING ON,----,O'Reilly,Savabeel Star,PPG,NZ,5,05/10/2013
壽臣 ,C326,SHOUSON,Shouson,Star Witness,Fille The Joy,PP,AUS,3,09/10/2015
金剛秀 ,T436,SHOW MISSION,----,Showcasing,Olga Palosky,PPG,NZ,6,10/11/2012
金飯碗 ,T289,SHOWING CHARACTER,Showing Character,Showcasing,Lalectra,PP,GB,7,15/04/2012
川河寶駒 ,T375,SICHUAN DAR,Affirmation,Not A Single Doubt,Apocrypha,PP,AUS,7,29/09/2011
勁眼光 ,C219,SIGHT POWER,Moss Peaks,Charge Forward,Fine Figure,PPG,AUS,3,06/09/2015
銀紙 ,B025,SILVER FIG,----,Hard Spun,Bonifacio,PPG,AUS,4,15/09/2014
精簡最好 ,B464,SIMPLE ELEGANT,----,Pierro,San Cristobel,PPG,AUS,3,11/09/2015
地大大 ,B352,SIMPLY BIG,Expecting,Bated Breath,Oasis Jade,PP,GB,4,16/02/2015
精明才子 ,B090,SIMPLY BRILLIANT,Senator,Frankel,Red Bloom,PP,GB,5,07/04/2014
富祿 ,C352,SIMPLY FLUKE,----,Keeper,Heartache,PPG,NZ,4,08/10/2014
好大大 ,C425,SIMPLY SPECTACULAR,----,I Am Invincible,Speedy Bell,ISG,AUS,3,30/10/2015
星洲司令 ,B104,SINGAPORE SLING,Singapore Sling,Philanthropist,Sing Dixie Sing,PP,SAF,5,13/09/2013
天賜旺 ,B321,SKY FORTUNE,----,Niagara,Rose Chapel,PPG,NZ,4,11/11/2014
賞心星 ,C251,SKY GEM,----,Niagara,Montjeu Way,PPG,NZ,3,02/09/2015
琴心星 ,B218,SKY MELODY,Sky Team,High Chaparral,Dontwaltzme,PP,AUS,5,16/10/2013
天賜寶 ,V401,SKY TREASURE,----,Stravinsky,Inzabeel,PPG,NZ,5,04/10/2013
雙天至尊 ,C293,SKYEY SUPREME,Etabeta,Henrythenavigator,Kykuit,PP,IRE,4,06/04/2015
睡眠大學 ,A362,SLEEP EDUCATION,Vilakazi,Visionaire,Sweet Virginia,PP,SAF,6,20/08/2012
型酒杯 ,A160,SMART BABY,High Shields,Shamardal,Marine City,PP,IRE,6,11/05/2013
醒目再臨 ,A314,SMART CHARADE,----,Fastnet Rock,Aniarnota,ISG,IRE,5,04/02/2014
醒目勇駒 ,B456,SMART LEADER,Scarecrow,Delago Deluxe,Aemilee,PP,AUS,4,28/10/2014
菁年財駿 ,C435,SMART OF YOUTH,----,Niagara,Amathea,PPG,NZ,3,12/11/2015
錶之皇者 ,B398,SMART PATCH,Smart Patch,Hinchinbrook,Al's Magic Miss,PP,AUS,4,26/08/2014
活力飛彈 ,B322,SMART ROCKET,----,Smart Missile,Cyclone Stacey,PPG,AUS,3,14/10/2015
嬴風雲 ,V321,SMILING CHARM,----,Fastnet Rock,Kaimana,ISG,AUS,6,19/10/2012
傲風雲 ,A344,SMILING PRIDE,Smiling Touch,O'Reilly,Salkantay,PP,NZ,5,28/08/2013
笑傲成功 ,C250,SMILING SUCCESS,----,Hinchinbrook,Downstream,PPG,AUS,3,28/10/2015
一拍即合 ,B402,SNAP FIT,----,Nadeem,Gold Circle,PPG,NZ,4,25/08/2014
卡比獸 ,C349,SNORLAX,----,Alamosa,Creil,PPG,NZ,4,14/09/2014
騷哥利 ,C430,SO GLORIOUS,So Glorious,So You Think,Malasun,PP,AUS,4,02/09/2014
勇晉神駒 ,T233,SOCCER BRAVE,Cleveland Street,Windsor Knot,Toy Show,PP,IRE,7,10/03/2012
勇晉大師 ,B452,SOCCER MASTER,----,Iffraaj,Neuquen,ISG,GER,4,30/03/2015
拖板精英 ,C362,SOCKET ELITE,----,Savabeel,Vedex,PPG,AUS,3,17/09/2015
太陽多多 ,C171,SOLAR BILLION,----,Foxwedge,Shabamalam,PPG,AUS,3,18/08/2015
錶之太陽 ,B307,SOLAR PATCH,Solar Patch,Stratum,Fleeting Touch,PP,AUS,4,18/10/2014
星夢帝國 ,C407,SOLAR POWER,----,Kingman,Janicellaine,ISG,IRE,3,31/01/2016
太陽勝將 ,C365,SOLAR VICTORY,----,Toorak Toff,My Secret Luv,PPG,AUS,3,25/08/2015
太陽威威 ,C111,SOLAR WAI WAI,----,Snitzel,Cape Princess,PPG,AUS,3,03/11/2015
朝五晚九 ,B330,SOLOMON'S BAY,Solomon's Bay,Exceed And Excel,Gentle On My Mind,PP,IRE,5,06/03/2014
環翠戰士 ,A187,SONIC FIGHTER,----,Castledale,Indy Star,PPG,NZ,5,30/10/2013
川河尊駒 ,A252,SOUTHERN LEGEND,Southern Legend,Not A Single Doubt,Donna's Appeal,PP,AUS,6,26/10/2012
歡樂神駒 ,B103,SOUTHERN SUPERSTAR,Craven,Dynasty,Sport's Chestnut,PP,SAF,5,06/10/2013
太空戰士 ,C339,SPACE,Nirvana In Fire,Showcasing,Shuswap,PP,NZ,3,12/08/2015
海豚星 ,C332,SPARKLING DOLPHIN,----,Exceed And Excel,Perfect Hostess,PPG,AUS,2,02/11/2016
飛霸龍 ,B033,SPARKLING DRAGON,----,O'Reilly,Shining Light,PPG,NZ,4,11/09/2014
閃電烈馬 ,C201,SPARKLING KNIGHT,----,Holy Roman Emperor,Connote,PPG,GB,3,13/03/2016
閃耀人生 ,C346,SPARKLING LIFE,----,Swiss Ace,Suppose,PPG,NZ,2,01/10/2016
紫電明珠 ,P256,SPARKLING SWORD,Sparkling Sword,Danzero,Supernal,PPG,AUS,8,22/11/2010
鎂之妙 ,C416,SPARKY STAR,----,O'Reilly,Lady Chaparral,ISG,NZ,3,28/09/2015
金匯昇 ,C010,SPECIAL STARS,----,Kuroshio,Love The Moment,PPG,AUS,3,18/08/2015
極速駿馬 ,B211,SPEED VISION,----,Helmet,Sunburnt,PPG,GB,4,29/04/2015
龍鳳情祥 ,B185,SPEEDY DRAGON,Number One Ceed,Exceed And Excel,Innovation Girl,PPG,AUS,4,15/10/2014
鑽得勁 ,A391,SPEEDY KING,Tooronga,Toorak Toff,County Tale,PPG,AUS,5,10/09/2013
鑽得旺 ,C144,SPEEDY LUCK,Icart Point,Poet's Voice,Maziona,PP,GB,4,10/03/2015
超級炮彈 ,C281,SPEEDY MISSILE,Upper Sky,Smart Missile,Skyerush,PPG,AUS,3,27/08/2015
千里駿駒 ,C253,SPEEDY OPTIMIST,----,Not A Single Doubt,Foxstar,PPG,AUS,3,13/09/2015
鑽得掂 ,C093,SPEEDY VIEW,Sol Invictus,Haradasun,Week Moment,PP,NZ,3,07/10/2015
事必獲利 ,T002,SPEEDY WALLY,Speedy Wally,Shinzig,Mota,PP,AUS,8,10/09/2010
辣得真 ,C021,SPICY REALLY,Toorak Power,Toorak Toff,Meet My Sis,PPG,AUS,3,29/09/2015
勁勇威龍 ,S078,SPINNING DANCER,Spinning Dancer,Commands,Annie Daly,PP,NZ,9,04/09/2009
勇勝神駒 ,B235,SPIRIT,Jadir,Soldier Of Fortune,Dica,PP,BRZ,4,15/08/2014
錶之精靈 ,C184,SPIRIT PATCH,----,Dundeel,Lunaspur,PPG,AUS,3,09/11/2015
跑出輝煌 ,C330,SPLENDID KING,----,Dissident,Maree Basse,PPG,AUS,2,28/10/2016
正時機 ,C161,SPLENDID TIMING,Buckhound,Sepoy,Secret Indulgence,PP,AUS,4,06/11/2014
神亮金剛 ,C029,SPLENDOUR AND GOLD,Maximum Plaid,Excelebration,Further,PPG,AUS,4,28/09/2014
銀亮之星 ,B027,SPLIT OF A SECOND,----,Helmet,Umoya,PPG,AUS,5,02/10/2013
五陵霸 ,A311,SPORTS MASTER,----,Magic Albert,Judicial Queen,ISG,AUS,5,19/08/2013
得益良多 ,C353,SPRINT FORWARD,----,Lope de Vega,Macarthur Park,PPG,AUS,3,31/08/2015
金鷹翱翔 ,C446,STANLEY PARK,Stanley Park,Duke Of Marmalade,Walk In The Park,PP,AUS,4,11/09/2014
星酒杯 ,B449,STAR BABY,----,O'Reilly,Glamouraad,ISG,NZ,4,20/10/2014
星叻 ,C257,STAR LUCK,----,Star Witness,Friskee,PPG,AUS,3,12/10/2015
連利之星 ,S093,STAR MAJESTIC,----,Sakhee's Secret,Dantessa,PPG,NZ,8,09/10/2010
開心歡星 ,A171,STAR OF JOY,Decorated Soldier,Snitzel,At Ease,PP,AUS,5,09/08/2013
分到笑 ,C078,STAR OF THEHARBOUR,Star Of Theharbour,Harbour Watch,Renascent,PP,AUS,3,10/10/2015
元朗之星 ,C303,STAR OF YUEN LONG,Ole Ole,Makfi,C'Mon Cuba,PP,NZ,3,19/09/2015
將耀 ,C429,STAR PERFORMANCE,Star Performance,Per Incanto,Star Guest,PP,NZ,3,09/10/2015
輝煌星 ,B163,STAR SHINE,Kalvena,Magic Albert,Kvarena,PP,AUS,5,15/08/2013
超然 ,V255,STAR SUPERIOR,Montana Star,Reward For Effort,Sister Livia,PP,AUS,6,09/10/2012
紅星 ,V273,STARLIGHT,Red Eye Flyer,Red Element,Bush Triumph,PPG,AUS,6,27/10/2012
悅目星光 ,A137,STARLIT KNIGHT,All Gee,Fath,Jeunes Knight,PP,AUS,6,08/11/2012
天皇巨星 ,V367,STARLOT,Pearl's Bro,Star Witness,Pearl Of The Sea,PPG,AUS,5,19/08/2013
友誼之星 ,V379,STARSHIP,Soldier Of War,Husson,Ourkohinoor,PP,AUS,6,11/11/2012
興惑 ,B351,STIMULATION,Akihiro,Deep Impact,Baahama,PP,JPN,5,21/02/2014
大風暴 ,B055,STORM SIGNAL,Mulder,Foxwedge,Isn't She Fabulous,PP,AUS,5,25/09/2013
暴風小子 ,B091,STORM SOLDIER,Castle Harbour,Kyllachy,Gypsy Carnival,PP,GB,6,14/02/2013
威紫荊 ,B325,STRAPPING BAUHINIA,----,Tavistock,Indian Song,PPG,NZ,3,15/09/2015
龍城勝將 ,B178,STRATHALLAN,----,Stratum,Base Paradise,PPG,AUS,3,13/09/2015
龍城銳將 ,C055,STRATHBARRA,November Man,Elusive Fort,Double Bluff,PPG,SAF,3,22/09/2015
龍城猛將 ,V225,STRATHCLYDE,----,Toorak Toff,Lady's Light,PPG,AUS,5,27/08/2013
鱷臨天下 ,B141,STRIKING MR C,----,Super Easy,Charming Elle,PPG,NZ,4,30/08/2014
紅衣震撼 ,C366,STUNNING IMPACT,Stunning Impact,Zoustar,Annlea,PPG,AUS,3,09/09/2015
薈力之城 ,B280,STYLING CITY,----,Starspangledbanner,Secret Liaison,PPG,AUS,3,24/08/2015
快樂實在 ,A152,SUCH A HAPPINESS,----,Savabeel,Kim Possible,PPG,NZ,5,06/11/2013
心中有您 ,B283,SUMSTREETSUMWHERE,Sumstreetsumwhere,Highly Recommended,Street Siren,PP,NZ,4,25/09/2014
新獵狐者 ,B389,SUN FOXHUNTER,Fox One,All Too Hard,Amarazetti,PPG,AUS,4,26/10/2014
生生發發 ,B467,SUN SUN FA FA,Going To War,Battle Paint,Gemima,PP,NZ,3,19/10/2015
按得澄 ,V266,SUN TOUCH,Invention World,Rip Van Winkle,Teardrop Island,PP,NZ,6,19/08/2012
耀目良駒 ,B465,SUNDANCER,----,Sebring,Midnight Martini,PPG,AUS,3,11/10/2015
新力寶 ,A379,SUNNY BOY,Eden Roc,Star Witness,Hilton Head,PP,AUS,4,30/08/2014
新威龍 ,V412,SUNNY DRAGON,Paceman,Duporth,Snaps,PP,AUS,6,30/08/2012
中華主將 ,B298,SUNNY MAJOR,----,Daiwa Major,Caldine,PPG,JPN,4,28/01/2015
日東昇 ,V302,SUNNY ORIENT,Net Wealth,Written Tycoon,Dellwood Diva,PP,AUS,6,28/11/2012
陽光 ,A371,SUNNY POWER,----,Tavistock,Bantry Bay,PPG,NZ,5,04/11/2013
新力必 ,C263,SUNNY SPEED,Crack On Crack On,Havana Gold,Almunia,PP,GB,4,15/03/2015
陽光大地 ,A130,SUNSHINE UNIVERSE,Pretty Vacant,Elzaam,Jillolini,PP,GB,5,31/03/2014
熱血鬥士 ,C360,SUNSHINE WARRIOR,----,Pierro,Keep The Peace,PPG,AUS,4,25/09/2014
勁哥兒 ,A134,SUPER CHIC,Saent,Strategic Prince,Eroica,PP,IRE,6,12/03/2013
超力神駒 ,C415,SUPER CONTENDER,----,Kodiac,Inyordreams,ISG,GB,3,25/02/2016
惜多福 ,A323,SUPER EIGHTEEN,----,Casamento,Three Times,ISG,IRE,5,01/04/2014
超班福星 ,C183,SUPER ELEGANCE,Contraband,Teofilo,Stole,PP,NZ,4,06/11/2014
歐洲巨星 ,V313,SUPER EURO STAR,----,Compton Place,Heliograph,ISG,GB,6,07/02/2013
勁好玩 ,A408,SUPER FUN,De Boss Man,Dandy Man,Dame Hester,PP,IRE,5,01/04/2014
超級英雄 ,B270,SUPER HERO,Shine Tak Star,High Chaparral,Heavenly Dreamer,PP,AUS,5,19/11/2013
醉多福 ,A372,SUPER HOPPY,Rodanos,Captain Sonador,Nepro,PP,AUS,5,15/10/2013
極速前進 ,V390,SUPER JUNIOR,Super Junior,Medaglia d'Oro,Princesa,PPG,AUS,5,20/08/2013
堅有料 ,C011,SUPER KIN,Extreme Sacrifice,Magic Albert,Arms Wide Open,PPG,AUS,4,26/09/2014
運才 ,A251,SUPER LUCKY,Mymancharles,Myboycharlie,Aloha Charm,PP,AUS,5,30/09/2013
真好漢 ,T213,SUPER MAN,Santoya Cat,Tale Of The Cat,Santoya,PP,AUS,8,24/08/2010
不可說 ,B081,SUPER MISSILE,----,Smart Missile,Hula Here,PPG,NZ,4,16/09/2014
盈多福 ,B375,SUPER MODEL,----,Harbour Watch,Maid For Winning,ISG,GB,4,31/03/2015
智醒神 ,C179,SUPER PEGASUS,----,Zoffany,Carlton Spirit,PPG,AUS,3,18/09/2015
威力名駒 ,C317,SUPER QILIN,Marx Brother,Alamosa,Chico,PP,NZ,4,18/11/2014
雄龍 ,C191,SUPER RED DRAGON,----,Starspangledbanner,Street Storm,PPG,AUS,3,24/09/2015
超新星 ,B380,SUPER STAR,----,Snitzel,Highland Daughter,ISG,AUS,4,13/09/2014
順勢寶 ,V310,SUPER TURBO,Snowy Scene,Royal Applause,Bright Snow,PP,IRE,6,23/03/2013
紅旺 ,C341,SUPER WINNER,----,Guillotine,Cinnadream,PPG,NZ,3,10/11/2015
良才 ,A100,SUPER WISE,Southerly Wind,Zoffany,Folichonne,PP,AUS,5,22/09/2013
奮鬥揚威 ,C354,SUPERB AGILITY,Clayton Square,Manhattan Rain,Zabelka,PPG,AUS,4,09/11/2014
好運多贏 ,B257,SUPERICH,----,Red Giant,Daly Charm,PPG,NZ,4,16/09/2014
好叻仔 ,V102,SUPERIOR BOY,----,Magic Albert,Free Spirited,PPG,AUS,6,11/11/2012
上捕先鋒 ,C300,SUPREME PATROL,Varallo,Var,Covenant,PP,SAF,4,09/09/2014
勁瀟灑 ,C252,SUPREME PLUS,----,Nicconi,Torrini,PPG,AUS,3,31/10/2015
至尊大師 ,A357,SUPREME WITNESS,Yakimenko,Stryker,Fine Stem,PPG,AUS,5,15/09/2013
和諧繁榮 ,B233,SURE SUPREME,----,Your Song,Hidden Spirit,PPG,AUS,4,01/10/2014
為您贏 ,B157,SUREWIN,----,Epaulette,Amoureux,PPG,IRE,4,13/04/2015
超趣 ,C285,SURREALISM,Maverick Officer,Exceed And Excel,Gradara,PP,GB,4,03/05/2015
麥芽糖 ,A231,SWEETIE BARLEY,Kruger Park,Requinto,Definite Opinion,PP,IRE,5,24/03/2014
威威歡星 ,A358,SWOT WINDICATOR,Heisenberg,Nadeem,Nikki's Bride,PP,NZ,5,28/09/2013
標準猴王 ,B244,TAKING AIM,Taking Aim,Choisir,Girl Hussler,PP,AUS,4,30/09/2014
極爽 ,C131,TAKINGUFURTHER,----,Exceed And Excel,Thirst,PPG,AUS,4,11/09/2014
金剛之星 ,A067,TANG FLEMING,Ian Fleming,Makfi,High Cross,PP,GB,6,29/04/2013
盛唐文心 ,C390,TANG TREASURE,Tang Treasure,Whittington,Ghoom,PPG,AUS,2,26/08/2016
好計 ,B432,TANGMERE,Tangmere,Frankel,Our Echezeaux,PP,NZ,4,09/09/2014
靈光八號 ,C154,TARGET FINDER,----,Footstepsinthesand,Divert,PPG,IRE,3,25/04/2016
扎西德勒 ,C084,TASHIDELEK,Almighty Crown,Street Cry,Sesenta,PP,AUS,4,31/10/2014
寶都 ,C072,TATTENHALL FORTUNE,----,Bated Breath,Greenmeadow,PPG,GB,4,07/03/2015
添好運 ,T306,TEAM FORTUNE,Clay,I Am Invincible,Lucky Beauty,PPG,AUS,7,20/09/2011
團結精神 ,B230,TEAM SPIRIT,Doctor Gillies,Strategic,Forget Ima Lady,PPG,AUS,4,26/09/2014
電訊兄弟 ,B243,TELECOM BROTHERS,Faeger,Choisir,Fairchild,PP,AUS,4,20/09/2014
電訊驫馬 ,C181,TELECOM PUMA,Hard Merchandize,Burgundy,Pride And Passion,PP,NZ,4,10/10/2014
電訊火箭 ,C137,TELECOM ROCKET,----,Tavistock,Far Far Away,PPG,NZ,4,15/08/2014
騰煌 ,S447,TEN FLAMES,----,O'Reilly,Queen To Be,PPG,NZ,8,20/10/2010
金得彩 ,B386,TENNESSEE BOSS,Tennessee Boss,So You Think,Tennessee Love,PP,AUS,5,29/08/2013
利之湖 ,B193,TEST THE STARS,Test The Stars,Testa Rossa,Bella Vedera,PPG,AUS,4,05/09/2014
常感恩 ,B312,THANKS FOREVER,----,Duporth,Cinecitta,PPG,AUS,3,19/10/2015
太陽戰馬 ,C212,THE ABRAXAS,Bel's Boy,Bon Hoffa,Beaten By The Bel,PP,AUS,4,07/09/2014
猴王駒 ,A336,THE CREATETH,Henry The Createth,Henrythenavigator,Creative Plan,PP,AUS,5,20/09/2013
盛勢 ,V243,THE FULL BLOOM,Grey Morning,Zebedee,Break Of Dawn,PP,GB,6,18/02/2013
七星拱照 ,B121,THE HAPPY BUNCH,Ceepeekaywhy,Lope de Vega,Fairly Feline,PPG,AUS,4,18/08/2014
星運明爵 ,C431,THE HULK,Spirits Aubeer,Spirit Of Boom,Friendly Glow,PP,AUS,3,28/08/2015
為善聚樂 ,A249,THE JOY OF GIVING,Youarewonder,Thewayyouare,Vera Mont,PP,IRE,5,10/04/2014
星運判官 ,A147,THE JUDGE,Ryan Jim,Align,Annalee,PP,NZ,6,22/10/2012
從頭越 ,B073,THE ONE,Huayra,Nicconi,Talulla,PP,AUS,5,31/08/2013
大運舞台 ,T256,THE SHOW,The Show,High Chaparral,The Quarewan,PP,NZ,8,17/09/2010
追日 ,C074,THE SUN ALSO RISES,The Sun Also Rises,Trippi,Hawker Hunter,PP,SAF,4,07/10/2014
怡德 ,T055,THE SYLPH,Tikitour,Dane Shadow,Gone Wild,PP,AUS,8,12/09/2010
東來神駒 ,C371,THEBEASTFORTHEEAST,Thebeastfortheeast,Holy Roman Emperor,Humble And Proud,PP,IRE,3,30/01/2016
創意天才 ,C391,THINKIN' BIG,Thinkin' Big,High Chaparral,Nothin' Leica Cat,PP,AUS,3,17/08/2015
非凡品味 ,B420,THIS IS CLASS,This Is Class,So You Think,Pride Of The Class,PPG,AUS,4,04/11/2014
南莊瑞寶 ,B428,THIS ONE'S FOR YOU,----,Lethal Force,Cool Catena,PPG,GB,4,27/03/2015
陽明滿滿 ,B047,THOU SHALL SING,----,Your Song,Shalt Not,PPG,NZ,4,14/10/2014
大歡笑 ,C213,THRILLED,Thrilled,Exceed And Excel,Pure Joy,PP,AUS,4,30/09/2014
雷公鑿 ,V279,THUNDER STOMP,Flying Achilles,Fastnet Rock,Queen Of Troy,PP,AUS,6,06/11/2012
逐雷追風 ,C068,THUNDERBUG,Buick,Written Tycoon,Fastfilly,PPG,AUS,3,22/10/2015
天池怪俠 ,B350,TIANCHI MONSTER,Formidable,Shocking,Princess Biscotte,PP,NZ,4,16/10/2014
玩斗財星 ,C243,TIGERLAD,----,Tiger Prawn,Je Suis,PPG,NZ,3,03/09/2015
百獸王 ,C118,TIGRE DU TERRE,Tigre du Terre,Le Havre,Allmia,PP,FR,4,26/01/2015
志趣相投 ,A367,TIME TO CELEBRATE,Time To Celebrate,Per Incanto,Silver Cent,PP,NZ,5,21/10/2013
馬克羅斯 ,A066,TIME WARP,Time Warp,Archipenko,Here To Eternity,PP,GB,6,28/01/2013
同得福 ,A339,TOP BEAUTIFUL,Chairman's Bar,Nicconi,Delarouze,PPG,AUS,5,25/09/2013
翹軍 ,B424,TOP MILITARY,Swiss Military,Swiss Ace,Encosta de Nacre,PP,NZ,5,13/09/2013
傳奇 ,V357,TOP SCORE,Top Score,High Chaparral,Sarasota,PP,AUS,6,03/08/2012
弛曜風 ,C028,TORNADO TWIST,Another Notch,Denman,More Glory,PPG,AUS,3,30/08/2015
教主 ,A063,TORNEY,----,Thorn Park,Driving Rein,PPG,NZ,6,14/11/2012
好運 ,B376,TOUCH OF LUCK,----,Hard Spun,Seamstress,ISG,AUS,4,24/08/2014
搶攻威威 ,B346,TOUCHDOWN STRIKER,Magic Trip,Turffontein,Acid Test,PPG,AUS,3,05/09/2015
旅遊拿督 ,V235,TRAVEL DATUK,Rockaway Valley,Holy Roman Emperor,Sharapova,PP,IRE,6,21/03/2013
旅遊皇者 ,A316,TRAVEL EMPEROR,----,Duporth,Baby Corn,ISG,AUS,5,16/09/2013
旅遊首席 ,T098,TRAVEL FIRST,Bilimbi,Duke Of Marmalade,Starship,PP,IRE,8,19/03/2011
旅遊智者 ,V121,TRAVEL SUCCESSOR,Argentero,Zoffany,Frabjous,PP,GB,6,15/02/2013
三生好運 ,C359,TRIPLE TRIPLE,----,Per Incanto,Waiana Gold,PPG,NZ,4,25/11/2014
贏歌 ,A334,TRIUMPHAL WIN,----,Paco Boy,Tora Bora,ISG,GB,5,12/02/2014
德勝門 ,C375,TRIUMPHANT ARCH,Moss Cheval,Mossman,Giulia Di Francia,PP,AUS,3,27/10/2015
凱旋駿驥 ,B430,TRIUMPHANT HORSE,Bugari,Captain Sonador,Just Hilda,PP,AUS,4,08/08/2014
凱旋星光 ,T224,TRIUMPHANT LIGHT,Be The Most,Alamosa,Bexley,PP,NZ,8,01/11/2010
城中霸 ,C101,TRIUMPHANT LORD,----,Jimmy Choux,Selenus,PPG,NZ,3,05/11/2015
好利運來 ,B232,TRUE GRIT,Riskitforthebiscut,Wanted,Sedoso,PPG,AUS,4,10/09/2014
二話不說 ,C134,TRUST ME,----,Guillotine,Cassie May,PPG,NZ,3,13/08/2015
多寶才子 ,C151,TURBO TALENT,Lethal Turbo,Lethal Force,Privet,PP,IRE,3,12/02/2016
都靈紅星 ,B092,TURIN REDSTAR,Munro,Kyllachy,Meddle,PP,GB,5,21/03/2014
豹子膽 ,C389,U W BROTHER,----,Wandjina,Pacific Belle,PPG,AUS,2,16/10/2016
豹子頭 ,B083,UGLY WARRIOR,----,Swiss Ace,Ugly Betty,PPG,NZ,4,19/09/2014
歡樂小子 ,S235,ULTIMATE GLORY,Ultimate Glory,Exceed And Excel,Grilse,PP,AUS,8,16/11/2010
志在四方 ,C140,UNCLE STEVE,Court Of Justice,Dabirsim,Great News,PP,FR,4,19/02/2015
估我唔到 ,C147,UNEXPECTED,----,Compton Place,Rosewood Belle,PPG,GB,3,02/03/2016
獨角寶寶 ,C203,UNICORNBABY,Mattymolls Gaga,Dragon Pulse,Clenaghcastle Lady,PP,IRE,4,12/05/2015
首飾大帝 ,V333,UNICRON JEWELLERY,----,Savabeel,Lucida,ISG,NZ,6,14/09/2012
鎮山寶 ,C141,UNIQUE TREASURE,Nearest Green,Exceed And Excel,Aria Di Festa,PP,GB,4,11/03/2015
陽明高高 ,B132,UNIVERSAL GO GO,----,Azamour,Love Blooms,PPG,NZ,4,13/09/2014
夢幻人生 ,C166,UTOPIA LIFE,Wicked Ways,Wicked Style,Camphor,PP,AUS,3,26/10/2015
機緣巧俠 ,C358,V CHEVALIERS,Oceans Eleven,Ocean Park,Screen Siren,PPG,NZ,4,29/11/2014
傳盛 ,B416,VALIANT DREAM,Valiant Dream,Magnus,Captivating Lady,PPG,AUS,3,17/10/2015
鯤鵬千里 ,C117,VANGE,Vange,Iffraaj,Fleur de Lis,PP,GB,3,19/04/2016
領先一步 ,C385,VERMILLION,----,Kuroshio,Folichonne,PPG,AUS,3,21/09/2015
愛心寶貝 ,A380,VERY LUCKY,Perpetual Crisis,Stryker,Leica Gossip,PP,AUS,5,21/07/2013
富萬家 ,V286,VERY RICH MAN,Presetter,Reset,Exelante,PPG,AUS,6,12/09/2012
好甜橙 ,A300,VERY SWEET ORANGE,----,Exceed And Excel,Dubai Me Diamonds,PPG,AUS,4,09/09/2014
勝利風範 ,C186,VICTORIAM,----,I Am Invincible,Quality Impulse,PPG,AUS,3,24/10/2015
得賞 ,B288,VICTORIOUS LEADER,----,Alamosa,Awesome,PPG,NZ,4,29/09/2014
活力得勝 ,C091,VICTORIOUS SEEKER,----,Sebring,Prostar,PPG,AUS,3,11/11/2015
勝利仔 ,S355,VICTORY BOYS,----,Mastercraftsman,La Bella Dama,PPG,NZ,7,12/11/2011
齊勝利 ,C342,VICTORY FOR ALL,----,Holy Roman Emperor,Izajazzar,PPG,AUS,2,06/09/2016
勝利在手 ,C103,VICTORY IN HAND,----,O'Reilly,Splitsecond,PPG,NZ,3,19/09/2015
勝利歡星 ,V358,VICTORY MACHINE,Rekindled Effort,Redoute's Choice,Rekindled Applause,PP,AUS,6,05/10/2012
勝利新星 ,B133,VICTORY MARCH,----,I Am Invincible,Calemore,PPG,AUS,4,03/11/2014
超能量 ,B294,VICTORY POWER,----,Power,Sugar Moon,PPG,NZ,4,22/11/2014
快暢的 ,C316,VICTORY SONG,----,Your Song,Royal Feeling,PPG,AUS,3,27/09/2015
永多華 ,C824,VIDDORA,----,I Am Invincible,Snow Flight,VIS,AUS,6,05/09/2012
活力名駒 ,B260,VIGOR FAME,Shoko Boy,Lord Of England,Shokogirl,PP,GER,5,23/02/2014
雄武精神 ,A303,VIGOROUS SPIRIT,Turf Trick,Turffontein,Strategic Impulse,PPG,AUS,5,29/10/2013
芙蓉莊 ,B339,VILLA FIONN,Poet's Corner,Sebring,Aeronwy,PP,AUS,4,14/09/2014
全才 ,B213,VINCY,Vincy,Elzaam,Instant Memories,PP,IRE,5,14/04/2014
明德之星 ,B395,VIRTUS STAR,Kitson,Sebring,Princess Natural,PPG,AUS,3,30/07/2015
陽明秋秋 ,A057,VITAL SPRING,----,Per Incanto,Vital Choice,PPG,NZ,6,26/10/2012
活力財星 ,C348,VITALITY FORTUNE,----,Tavistock,Tristraad,PPG,NZ,3,03/09/2015
怪獸都市 ,A190,VIVA COUNCIL,----,O'Reilly,Holiday In Goa,PPG,NZ,5,26/10/2013
和平路 ,B161,VOLPINO,Volpino,Foxwedge,Bright Heart,PP,AUS,5,14/08/2013
遨遊神駒 ,B168,VOYAGE KING,Pure Luck,Sidereus,Tatt's Lucky,PP,AUS,4,10/09/2014
遨遊之星 ,C098,VOYAGE STAR,----,Guillotine,Next Century,PPG,NZ,3,21/11/2015
遨遊戰士 ,C247,VOYAGE WARRIOR,----,Declaration Of War,Chaleur,PPG,AUS,3,23/08/2015
華美公主 ,B423,WAH MAY PRINCESS,----,Swiss Ace,Upgrading,PPG,NZ,3,19/11/2015
夏威夷 ,C150,WAIKUKU,Waikuku,Harbour Watch,London Plane,PP,IRE,4,20/03/2015
禾道駒 ,B253,WALDORF,Waldorf,Highly Recommended,Skite,PP,NZ,4,23/10/2014
大軍閥 ,C113,WAR LORD,----,Sweet Orange,Third Choice,PPG,NZ,3,17/10/2015
追風者 ,B414,WAR ROOM,War Room,War Chant,Impressing Matters,PP,AUS,4,05/10/2014
龍之星 ,B268,WARM THE VOICE,Warm The Voice,Vocalised,Heir Today,PP,IRE,4,30/03/2015
心興德仁 ,B009,WASABI WIN,Young Forever,I Am Invincible,Youthful Edition,PPG,AUS,5,31/08/2013
百勝龍 ,V356,WATER DIVINER,Water Diviner,Equiano,Check In Time,PP,AUS,6,25/08/2012
威風駿馬 ,B437,WAYFOONG CHARMER,Charmander,Dream Ahead,Salamander Bay,PPG,AUS,4,30/09/2014
威風霸皇 ,V055,WAYFOONG VINNIE,Vinhmeister,Elusive City,Shana Singa,PP,NZ,7,04/09/2011
富貴榮華 ,P324,WEALTHY FORTUNE,Requisition,Invincible Spirit,Saoire,PP,IRE,10,17/02/2009
仁者富足 ,C320,WECARE N PROSPER,Icon Of Dubai,High Chaparral,Al Anood,PP,AUS,4,27/08/2014
黃埔之星 ,B146,WHAMPOA STAR,Phoceen,Myboycharlie,Atlantic Slew,PP,FR,5,02/03/2014
贏多多 ,C004,WHAT A LEGEND,What A Legend,Duporth,What An Impact,PPG,AUS,4,20/09/2014
威水武士 ,B313,WHISKY KNIGHT,----,Medaglia d'Oro,Magic Nera,PPG,AUS,3,10/09/2015
做得好 ,A082,WHISTLE UP,----,No Excuse Needed,Kathy O'Reilly,PPG,NZ,5,18/11/2013
表表馬 ,C233,WHO'S HORSE,----,All Too Hard,Zuzela,PPG,NZ,3,27/11/2015
靚籐王 ,B425,WICKER,----,Ocean Park,Spiriting,PPG,NZ,3,29/10/2015
過河勁卒 ,C381,WILD WEST WING,----,Exceed And Excel,Thump,PPG,AUS,2,19/09/2016
任意駒 ,C047,WILLFUL,----,Garswood,Delta Diva,PPG,GB,3,02/05/2016
威利熱流 ,T281,WILLIE WAY,Willie Way,More Than Ready,Dizelle,PPG,AUS,7,11/10/2011
勝出光采 ,C826,WIN BRIGHT,----,Stay Gold,Summer Eternity,VIS,JPN,5,12/05/2014
長長友 ,B472,WIN WIN,----,Casino Prince,Contented,PPG,NZ,3,16/10/2015
馭風行 ,C433,WIND GLIDER,Factor Me In,The Factor,Letmebe,PP,AUS,3,10/11/2015
駟馬安車 ,C372,WIND WAKER,Carnage,Var,November Sky,PP,SAF,3,26/09/2015
衝關王 ,C378,WINNER APPROACH,Impact King,Dawn Approach,Oh So Discreet,PPG,AUS,3,19/09/2015
好好利高 ,C226,WINNER SUPREME,Winner Supreme,Rothesay,Little Big Horse,PPG,AUS,3,02/10/2015
好友祥勝 ,C220,WINNERS BROTHER,Lil' Dreamer,Darci Brahma,Just A Dream,PPG,NZ,3,19/10/2015
勝得威 ,A025,WINNER'S WAY,Day Of Rest,Starcraft,Sunday Service,PP,AUS,6,24/10/2012
易勝相吸 ,B275,WINNING CIRCLE,----,Duporth,True Grace,PPG,AUS,3,19/10/2015
贏馬神器 ,A075,WINNING CONTROLLER,----,Choisir,A Class Act,PPG,AUS,5,24/09/2013
喜勝勁駒 ,C325,WINNING DELIGHT,Subraise,Sebring,Raise,PP,AUS,3,21/08/2015
偉大勝利 ,C048,WINNING ENDEAVOUR,Glastonbury Song,Casamento,Nesmeh,PP,IRE,5,10/04/2014
威信 ,A253,WINNING FAITH,Biased Witness,Star Witness,My Central,PP,AUS,5,17/10/2013
勝感 ,C324,WINNING FEELING,Wrecking Crew,O'Reilly,Rabsha,PP,AUS,3,28/09/2015
知道必勝 ,C383,WINNING METHOD,Great Emperor,Holy Roman Emperor,Out Of Egypt,PPG,AUS,2,05/10/2016
紫雲星 ,A351,WINNING SUPREME,Winning Supreme,Alfred Nobel,Matilda Grace,PP,AUS,6,10/09/2012
齊齊發 ,B356,WINNING TOGETHER,----,Lord Shanakill,Brunch Bellini,PPG,IRE,4,01/03/2015
凱旋戰士 ,C185,WINNING WARRIOR,----,Ferlax,Gondola Girl,PPG,NZ,3,05/09/2015
奇妙日 ,B332,WINNING WAYS,Winning Ways,Lope de Vega,Sahara Sky,PP,IRE,5,25/03/2014
仍然贏 ,C388,WINS ALL,Uncontested,Testa Rossa,Fragrant Storm,PPG,AUS,3,24/09/2015
英明勇將 ,T348,WINSTON'S LAD,Winston's Lad,Churchill Downs,Caralowe,PP,AUS,7,05/10/2011
生生勝勝 ,C110,WINWIN THIRTYTHREE,----,Showcasing,Abenroad,PPG,NZ,3,19/08/2015
有理共想 ,B180,WISHFUL THINKER,Katsuro,I Am Invincible,Zebithea,PP,AUS,5,29/10/2013
數糊勇士 ,B421,WITNESS HUNTER,Witness Hunter,Star Witness,Boldina,PPG,AUS,3,12/09/2015
原班人馬 ,C164,WON WON TOO,Won Won Too,Tavistock,Celtic Dream,PP,NZ,4,22/09/2014
喜多樂 ,C224,WONDER EXPRESS,----,Pierro,Choice Words,PPG,AUS,3,07/09/2015
旺旺寶駒 ,C418,WONDER WIN,----,Pierro,Nataya Rose,ISG,AUS,3,22/09/2015
美妙日 ,C108,WONDERFUL DAY,----,Savabeel,La Praline,PPG,NZ,3,21/11/2015
開心有你 ,T402,WONDERFUL JOURNEY,Wonderful Journey,Thorn Park,Rip Trice,PP,AUS,7,21/08/2011
堅離地 ,A235,WONDERFUL TIGER,Forrest Prince,Approve,Cuilaphuca,PP,IRE,5,11/04/2014
全民佳知 ,C288,WORLD FAMOUS,Master Brewer,Reliable Man,Quenching,PP,FR,3,29/02/2016
世界紀錄 ,V040,WORLD RECORD,----,Savabeel,Run Brony Run,PPG,NZ,6,10/11/2012
鑲白旗 ,B336,XIANG BAI QI,Amore Hass,Azamour,Hassaya,PP,IRE,5,23/03/2014
鑲黃旗 ,A312,XIANG HUANG QI,----,Kyllachy,Capacious,ISG,GB,5,16/02/2014
鑲藍旗 ,C167,XIANG LAN QI,----,All Too Hard,Electrical,PPG,AUS,3,11/10/2015
香音 ,C265,XIANG YIN,The Night Porter,Sixties Icon,La Gifted,PP,GB,4,10/03/2015
怡昌寶寶 ,C273,YEE CHEONG BABY,Neutrality,Sebring,Dama de Noche,PP,AUS,3,14/09/2015
怡昌福星 ,B357,YEE CHEONG LUCKY,----,Acclamation,Melbourne Memories,ISG,GB,4,28/01/2015
怡昌飛駒 ,B064,YEE CHEONG PEGASUS,Powerstrike,Lonhro,Sparks Fly,PPG,AUS,4,25/10/2014
皮具之星 ,C307,YES WE CAN,----,I Am Invincible,Masonette,PPG,AUS,3,21/09/2015
宜春之星 ,C026,YICHUN BLITZ,Roman Legion,Charge Forward,Midnight Reigns,PPG,AUS,4,26/09/2014
優悠皇 ,C399,YOO YOO KING,Sulka,Gimmethegreenlight,Cruise Collection,PP,SAF,3,23/09/2015
千金一諾 ,V149,YOU HAVE MY WORD,Vallone,Mastercraftsman,Staryn Glenn,PP,NZ,7,04/11/2011
競駿時代 ,V116,YOUNG EMPIRE,Age Of Empire,Royal Applause,Age Of Chivalry,PP,GB,6,17/02/2013
競駿飛鷹 ,B292,YOUNG GLORY,----,Niagara,Divine Miss Em,PPG,NZ,4,28/09/2014
競駿天驕 ,B097,YOUNG LEGEND,Low Latency,Exceed And Excel,Ivory Gala,PP,GB,5,07/05/2014
競駿驕陽 ,B442,YOUNG POWER,----,Holy Roman Emperor,Whole Grain,ISG,GB,4,15/04/2015
精算八方 ,A221,ZERO HEDGE,----,Medaglia d'Oro,Idriess,PPG,AUS,5,24/10/2013
湛江最醒 ,B406,ZHAN JIANG ROCKS,Barford,Big Bad Bob,Rupa,PP,IRE,4,09/04/2015